,ID,Genbank ID,Assembly ID,Mafname,Name,Group,Leaf assignment,C_0,C_1,C_4,C_50,C_58,C_59,C_51,C_53,C_55,C_56,C_57,C_54,C_52,C_5,C_34,C_39,C_41,C_46,C_47,C_48,C_49,C_42,C_44,C_45,C_43,C_40,C_35,C_36,C_37,C_38,C_6,C_19,C_21,C_23,C_30,C_32,C_33,C_31,C_24,C_28,C_29,C_25,C_26,C_27,C_22,C_20,C_7,C_11,C_15,C_16,C_17,C_18,C_12,C_13,C_14,C_8,C_9,C_10,C_2,C_3
0,0,,AB050936,AB050936v1.AB050936v1,Reston_1996,Reston 1989-90,28,0.6360,0.6360,0.6360,0.6360,0.6360,0.6210,0.6350,0.6350,0.6350,0.6340,0.6340,0.6350,0.6340,0.5710,0.5710,0.5710,0.5710,0.5710,0.5710,0.5710,0.5710,0.5710,0.5710,0.5710,0.5700,0.5700,0.5730,0.5730,0.5730,0.5740,0.9450,0.9390,0.9390,0.9150,0.9150,0.9150,0.9150,0.8980,1.0000,1.0000,0.9790,0.9140,0.9140,0.9120,0.8790,0.8470,0.5750,0.5750,0.5750,0.5750,0.5750,0.5750,0.5750,0.5750,0.5750,0.5660,0.5660,0.5660,0.3520,0.3420
1,1,,AF086833,AF086833v2.AF086833v2,AF086833v2_1976,Zaire(DRC) 1976-7,55,0.9700,0.9700,0.9700,0.9700,0.9700,0.9460,1.0000,1.0000,1.0000,0.9860,0.9870,0.9810,0.9780,0.6310,0.6310,0.6310,0.6310,0.6310,0.6310,0.6310,0.6310,0.6290,0.6290,0.6290,0.6270,0.6240,0.6280,0.6280,0.6290,0.6290,0.6330,0.6310,0.6310,0.6300,0.6300,0.6300,0.6300,0.6300,0.6330,0.6330,0.6340,0.6330,0.6330,0.6340,0.6060,0.6070,0.6560,0.6560,0.6560,0.6550,0.6560,0.6540,0.6570,0.6570,0.6570,0.6450,0.6450,0.6450,0.3950,0.3770
2,2,,AF272001,AF272001v1.AF272001v1,Mayinga_1976,Zaire(DRC) 1976-7,55,0.9700,0.9700,0.9700,0.9700,0.9700,0.9450,0.9990,0.9990,0.9990,0.9850,0.9870,0.9810,0.9780,0.6310,0.6310,0.6310,0.6310,0.6310,0.6310,0.6310,0.6310,0.6290,0.6290,0.6290,0.6270,0.6240,0.6280,0.6280,0.6290,0.6290,0.6330,0.6310,0.6310,0.6300,0.6300,0.6300,0.6300,0.6300,0.6330,0.6330,0.6340,0.6330,0.6330,0.6340,0.6060,0.6070,0.6550,0.6550,0.6550,0.6550,0.6560,0.6540,0.6560,0.6560,0.6560,0.6450,0.6450,0.6450,0.3950,0.3770
3,3,,AF499101,AF499101v1.AF499101v1,Mouse_Mayinga_2002,Zaire(DRC) 1976-7,55,0.9700,0.9700,0.9700,0.9700,0.9700,0.9450,0.9990,0.9990,0.9990,0.9850,0.9870,0.9810,0.9780,0.6310,0.6310,0.6310,0.6310,0.6310,0.6310,0.6310,0.6310,0.6290,0.6290,0.6290,0.6260,0.6240,0.6280,0.6280,0.6290,0.6290,0.6330,0.6300,0.6300,0.6300,0.6300,0.6300,0.6300,0.6300,0.6330,0.6330,0.6330,0.6330,0.6330,0.6340,0.6060,0.6060,0.6550,0.6550,0.6550,0.6550,0.6560,0.6540,0.6560,0.6560,0.6560,0.6450,0.6450,0.6450,0.3950,0.3770
4,4,,AF522874,AF522874v1.AF522874v1,Reston_PA_1990,Reston 1989-90,32,0.6330,0.6330,0.6330,0.6330,0.6330,0.6180,0.6330,0.6330,0.6330,0.6310,0.6310,0.6320,0.6310,0.5720,0.5720,0.5720,0.5720,0.5720,0.5720,0.5720,0.5720,0.5720,0.5720,0.5720,0.5700,0.5710,0.5740,0.5740,0.5740,0.5750,0.9640,0.9720,0.9720,1.0000,1.0000,1.0000,0.9770,0.9480,0.9150,0.9150,0.9160,0.9080,0.9080,0.9040,0.8590,0.8560,0.5750,0.5750,0.5750,0.5750,0.5750,0.5740,0.5740,0.5740,0.5740,0.5660,0.5660,0.5660,0.3490,0.3390
5,5,,AY142960,AY142960v1.AY142960v1,Mayinga_2002,Zaire(DRC) 1976-7,55,0.9700,0.9700,0.9700,0.9700,0.9700,0.9460,1.0000,1.0000,1.0000,0.9860,0.9870,0.9810,0.9780,0.6310,0.6310,0.6310,0.6310,0.6310,0.6310,0.6310,0.6310,0.6290,0.6290,0.6290,0.6270,0.6240,0.6280,0.6280,0.6290,0.6290,0.6330,0.6310,0.6310,0.6300,0.6300,0.6300,0.6300,0.6300,0.6330,0.6330,0.6340,0.6330,0.6330,0.6340,0.6060,0.6070,0.6560,0.6560,0.6560,0.6550,0.6560,0.6540,0.6570,0.6570,0.6570,0.6450,0.6450,0.6450,0.3950,0.3770
6,6,,AY354458,AY354458v1.AY354458v1,Zaire_1995,DRC 2007,57,0.9680,0.9680,0.9680,0.9680,0.9680,0.9440,0.9880,0.9880,0.9880,0.9900,0.9990,0.9780,0.9760,0.6310,0.6310,0.6310,0.6310,0.6310,0.6310,0.6310,0.6310,0.6290,0.6290,0.6290,0.6270,0.6250,0.6290,0.6290,0.6290,0.6290,0.6330,0.6300,0.6300,0.6300,0.6300,0.6300,0.6300,0.6290,0.6320,0.6320,0.6330,0.6320,0.6320,0.6330,0.6060,0.6060,0.6560,0.6560,0.6560,0.6560,0.6560,0.6550,0.6570,0.6570,0.6570,0.6460,0.6460,0.6460,0.3940,0.3760
7,7,,AY729654,AY729654v1.AY729654v1,Gulu_Uganda_2000,Sudan 1976-9,44,0.6360,0.6360,0.6360,0.6360,0.6360,0.6200,0.6320,0.6320,0.6320,0.6320,0.6310,0.6320,0.6310,0.9580,0.9580,0.9580,0.9580,0.9580,0.9580,0.9580,0.9580,1.0000,1.0000,0.9850,0.9640,0.9390,0.8600,0.8600,0.8600,0.8750,0.5750,0.5730,0.5730,0.5730,0.5730,0.5730,0.5730,0.5710,0.5720,0.5720,0.5720,0.5740,0.5740,0.5750,0.5540,0.5570,0.5710,0.5710,0.5710,0.5710,0.5710,0.5710,0.5740,0.5740,0.5740,0.5610,0.5610,0.5610,0.3510,0.3420
8,8,,AY769362,AY769362v1.AY769362v1,reconstructReston_2008,Reston 1989-90,31,0.6330,0.6330,0.6330,0.6330,0.6330,0.6180,0.6330,0.6330,0.6330,0.6310,0.6310,0.6320,0.6310,0.5710,0.5710,0.5710,0.5710,0.5710,0.5710,0.5710,0.5710,0.5710,0.5710,0.5710,0.5690,0.5690,0.5720,0.5720,0.5720,0.5730,0.9270,0.9270,0.9270,0.9470,0.9470,0.9470,0.9470,1.0000,0.8980,0.8980,0.8990,0.8890,0.8890,0.8860,0.8570,0.8530,0.5760,0.5760,0.5760,0.5760,0.5760,0.5760,0.5750,0.5750,0.5750,0.5640,0.5640,0.5640,0.3500,0.3390
9,9,,EU224440,EU224440v2.EU224440v2,GuineaPig_Mayinga_2007,Zaire(DRC) 1976-7,55,0.9700,0.9690,0.9690,0.9690,0.9690,0.9450,0.9990,0.9990,0.9990,0.9850,0.9870,0.9800,0.9770,0.6300,0.6300,0.6310,0.6310,0.6310,0.6310,0.6310,0.6310,0.6290,0.6290,0.6280,0.6260,0.6240,0.6280,0.6280,0.6290,0.6290,0.6330,0.6310,0.6310,0.6300,0.6300,0.6300,0.6300,0.6300,0.6330,0.6330,0.6340,0.6330,0.6330,0.6340,0.6060,0.6070,0.6550,0.6550,0.6550,0.6550,0.6560,0.6540,0.6560,0.6560,0.6560,0.6450,0.6450,0.6450,0.3950,0.3770
10,10,,EU338380,EU338380v1.EU338380v1,Yambio_2004,Sudan 1976-9,37,0.6360,0.6360,0.6360,0.6360,0.6360,0.6200,0.6320,0.6320,0.6320,0.6320,0.6310,0.6320,0.6320,0.8600,0.8600,0.8600,0.8600,0.8600,0.8600,0.8600,0.8600,0.8600,0.8600,0.8600,0.8570,0.8440,0.9720,0.9720,1.0000,0.9520,0.5760,0.5740,0.5740,0.5740,0.5740,0.5740,0.5740,0.5720,0.5730,0.5730,0.5730,0.5760,0.5760,0.5760,0.5550,0.5580,0.5730,0.5730,0.5730,0.5720,0.5730,0.5720,0.5740,0.5740,0.5740,0.5650,0.5650,0.5650,0.3510,0.3420
11,11,,FJ217161,FJ217161v1.FJ217161v1,Bundibugyo_Uganda_2007,Bundibugyo 2007,13,0.6600,0.6600,0.6600,0.6600,0.6600,0.6440,0.6570,0.6570,0.6570,0.6560,0.6570,0.6580,0.6560,0.5720,0.5720,0.5720,0.5720,0.5720,0.5720,0.5720,0.5720,0.5720,0.5720,0.5720,0.5690,0.5700,0.5720,0.5720,0.5720,0.5710,0.5750,0.5730,0.5730,0.5730,0.5730,0.5730,0.5730,0.5730,0.5740,0.5740,0.5740,0.5740,0.5740,0.5740,0.5540,0.5570,0.9150,0.9150,0.9150,0.9150,0.9180,0.9270,1.0000,1.0000,0.9820,0.6380,0.6380,0.6380,0.3570,0.3460
12,12,,FJ217162,FJ217162v1.FJ217162v1,Cote_dIvoire_CIEBOV_1994,Bundibugyo 2007,9,0.6480,0.6480,0.6480,0.6480,0.6480,0.6320,0.6460,0.6460,0.6460,0.6450,0.6460,0.6460,0.6460,0.5600,0.5600,0.5600,0.5600,0.5600,0.5600,0.5600,0.5600,0.5590,0.5590,0.5590,0.5580,0.5590,0.5630,0.5630,0.5640,0.5630,0.5660,0.5640,0.5640,0.5650,0.5650,0.5650,0.5650,0.5630,0.5650,0.5650,0.5650,0.5630,0.5630,0.5640,0.5470,0.5460,0.6370,0.6370,0.6370,0.6370,0.6380,0.6370,0.6380,0.6380,0.6380,1.0000,1.0000,0.9500,0.3570,0.3440
13,13,,FJ621583,FJ621583v1.FJ621583v1,Reston08-A_2008,Reston 1989-90,26,0.6370,0.6370,0.6370,0.6370,0.6370,0.6210,0.6350,0.6350,0.6350,0.6340,0.6340,0.6350,0.6340,0.5740,0.5740,0.5740,0.5740,0.5740,0.5740,0.5740,0.5740,0.5740,0.5740,0.5740,0.5720,0.5720,0.5750,0.5750,0.5750,0.5760,0.9320,0.9300,0.9300,0.9080,0.9080,0.9080,0.9080,0.8890,0.9140,0.9140,0.9160,1.0000,1.0000,0.9750,0.8550,0.8460,0.5760,0.5760,0.5760,0.5760,0.5760,0.5760,0.5750,0.5750,0.5750,0.5650,0.5650,0.5650,0.3520,0.3420
14,14,,FJ621584,FJ621584v1.FJ621584v1,Reston08-C_2008,Reston 1989-90,20,0.6130,0.6130,0.6130,0.6130,0.6130,0.6010,0.6110,0.6110,0.6110,0.6090,0.6090,0.6120,0.6100,0.5580,0.5580,0.5590,0.5590,0.5590,0.5590,0.5590,0.5590,0.5580,0.5580,0.5580,0.5560,0.5580,0.5590,0.5590,0.5590,0.5590,0.8620,0.8600,0.8600,0.8590,0.8590,0.8590,0.8590,0.8550,0.8490,0.8490,0.8500,0.8480,0.8480,0.8440,0.8270,1.0000,0.5600,0.5600,0.5600,0.5600,0.5600,0.5600,0.5600,0.5600,0.5600,0.5490,0.5490,0.5490,0.3390,0.3290
15,15,,FJ621585,FJ621585v1.FJ621585v1,Reston08-E_2008,Reston 1989-90,22,0.6120,0.6120,0.6120,0.6120,0.6120,0.6040,0.6110,0.6110,0.6110,0.6100,0.6110,0.6120,0.6100,0.5580,0.5580,0.5580,0.5580,0.5580,0.5580,0.5580,0.5580,0.5570,0.5570,0.5570,0.5550,0.5560,0.5580,0.5580,0.5580,0.5590,0.8750,0.8740,0.8740,0.8630,0.8630,0.8630,0.8630,0.8610,0.8830,0.8830,0.8840,0.8590,0.8590,0.8560,1.0000,0.8290,0.5600,0.5600,0.5600,0.5600,0.5600,0.5600,0.5590,0.5590,0.5590,0.5510,0.5510,0.5510,0.3410,0.3300
16,16,,FJ968794,FJ968794v1.FJ968794v1,Boniface_1976,Sudan 1976-9,38,0.6360,0.6360,0.6360,0.6360,0.6360,0.6200,0.6320,0.6320,0.6320,0.6320,0.6310,0.6320,0.6320,0.8750,0.8750,0.8750,0.8750,0.8750,0.8750,0.8750,0.8750,0.8750,0.8750,0.8750,0.8730,0.8550,0.9530,0.9530,0.9520,1.0000,0.5770,0.5750,0.5750,0.5750,0.5750,0.5750,0.5750,0.5730,0.5740,0.5740,0.5750,0.5760,0.5760,0.5760,0.5570,0.5580,0.5730,0.5730,0.5730,0.5720,0.5730,0.5720,0.5730,0.5730,0.5730,0.5640,0.5640,0.5640,0.3510,0.3420
17,17,,HQ613402,HQ613402v1.HQ613402v1,034-KS_2008,DRC 2007,54,0.9710,0.9710,0.9710,0.9710,0.9710,0.9530,0.9810,0.9810,0.9810,0.9750,0.9780,0.9990,0.9780,0.6300,0.6300,0.6300,0.6300,0.6300,0.6300,0.6300,0.6300,0.6280,0.6280,0.6280,0.6250,0.6230,0.6280,0.6280,0.6280,0.6280,0.6320,0.6300,0.6300,0.6290,0.6290,0.6290,0.6290,0.6290,0.6330,0.6330,0.6330,0.6320,0.6320,0.6340,0.6110,0.6100,0.6560,0.6560,0.6560,0.6560,0.6560,0.6550,0.6570,0.6570,0.6570,0.6440,0.6440,0.6440,0.3990,0.3810
18,18,,HQ613403,HQ613403v1.HQ613403v1,M-M_2007,DRC 2007,54,0.9710,0.9710,0.9710,0.9710,0.9710,0.9520,0.9810,0.9810,0.9810,0.9760,0.9790,1.0000,0.9790,0.6310,0.6310,0.6310,0.6310,0.6310,0.6310,0.6310,0.6310,0.6290,0.6290,0.6290,0.6260,0.6240,0.6280,0.6280,0.6290,0.6290,0.6330,0.6300,0.6300,0.6300,0.6300,0.6300,0.6300,0.6300,0.6330,0.6330,0.6330,0.6330,0.6330,0.6340,0.6110,0.6100,0.6560,0.6560,0.6560,0.6560,0.6570,0.6550,0.6580,0.6580,0.6580,0.6450,0.6450,0.6450,0.3990,0.3800
19,19,,JN638998,JN638998v1.JN638998v1,Nakisamata_2011,Sudan 1976-9,43,0.6330,0.6330,0.6330,0.6330,0.6330,0.6170,0.6300,0.6300,0.6300,0.6290,0.6290,0.6300,0.6290,0.9600,0.9600,0.9600,0.9600,0.9600,0.9600,0.9600,0.9600,0.9640,0.9640,0.9640,1.0000,0.9400,0.8580,0.8580,0.8570,0.8730,0.5720,0.5700,0.5700,0.5710,0.5710,0.5710,0.5710,0.5700,0.5700,0.5700,0.5710,0.5720,0.5720,0.5730,0.5530,0.5550,0.5690,0.5690,0.5690,0.5690,0.5690,0.5690,0.5710,0.5710,0.5710,0.5600,0.5600,0.5600,0.3510,0.3420
20,20,,JQ352763,JQ352763v1.JQ352763v1,Kikwit_1995,DRC 2007,57,0.9680,0.9680,0.9680,0.9680,0.9680,0.9440,0.9880,0.9880,0.9880,0.9900,1.0000,0.9780,0.9750,0.6310,0.6310,0.6310,0.6310,0.6310,0.6310,0.6310,0.6310,0.6290,0.6290,0.6290,0.6270,0.6240,0.6280,0.6280,0.6290,0.6290,0.6320,0.6300,0.6300,0.6290,0.6290,0.6290,0.6290,0.6290,0.6320,0.6320,0.6330,0.6320,0.6320,0.6330,0.6060,0.6060,0.6560,0.6560,0.6550,0.6550,0.6560,0.6540,0.6570,0.6570,0.6570,0.6460,0.6460,0.6460,0.3940,0.3770
21,21,,JX477165,JX477165v1.JX477165v1,Reston09-A_2009,Reston 1989-90,27,0.6380,0.6380,0.6380,0.6380,0.6380,0.6230,0.6360,0.6360,0.6360,0.6350,0.6350,0.6370,0.6350,0.5750,0.5750,0.5750,0.5750,0.5750,0.5750,0.5750,0.5750,0.5750,0.5750,0.5750,0.5730,0.5730,0.5760,0.5760,0.5760,0.5760,0.9290,0.9260,0.9260,0.9040,0.9040,0.9040,0.9040,0.8860,0.9120,0.9120,0.9130,0.9750,0.9750,1.0000,0.8510,0.8420,0.5760,0.5760,0.5760,0.5760,0.5760,0.5760,0.5760,0.5760,0.5750,0.5650,0.5650,0.5650,0.3520,0.3420
22,22,,JX477166,JX477166v1.JX477166v1,Alice_TX_USA_MkCQ8167_1996,Reston 1989-90,29,0.6370,0.6370,0.6370,0.6370,0.6370,0.6210,0.6360,0.6360,0.6360,0.6340,0.6340,0.6360,0.6350,0.5720,0.5720,0.5720,0.5720,0.5720,0.5720,0.5720,0.5720,0.5720,0.5720,0.5720,0.5700,0.5700,0.5730,0.5730,0.5730,0.5740,0.9460,0.9400,0.9400,0.9160,0.9160,0.9160,0.9160,0.8990,0.9790,0.9790,1.0000,0.9160,0.9160,0.9130,0.8800,0.8480,0.5760,0.5760,0.5760,0.5760,0.5760,0.5760,0.5760,0.5760,0.5750,0.5670,0.5670,0.5670,0.3510,0.3420
23,23,,KC242783,KC242783v2.KC242783v2,Maleo_1979,Sudan 1976-9,36,0.6360,0.6360,0.6360,0.6360,0.6360,0.6200,0.6310,0.6310,0.6310,0.6310,0.6300,0.6320,0.6310,0.8590,0.8590,0.8590,0.8590,0.8590,0.8590,0.8590,0.8590,0.8600,0.8600,0.8600,0.8580,0.8420,1.0000,1.0000,0.9720,0.9530,0.5750,0.5740,0.5740,0.5740,0.5740,0.5740,0.5740,0.5720,0.5740,0.5740,0.5740,0.5750,0.5750,0.5760,0.5560,0.5580,0.5720,0.5720,0.5720,0.5720,0.5720,0.5720,0.5740,0.5740,0.5740,0.5650,0.5650,0.5650,0.3510,0.3420
24,24,,KC242784,KC242784v1.KC242784v1,Luebo9_2007,DRC 2007,54,0.9710,0.9710,0.9710,0.9710,0.9710,0.9470,0.9810,0.9810,0.9810,0.9760,0.9770,1.0000,0.9780,0.6310,0.6310,0.6320,0.6320,0.6320,0.6320,0.6320,0.6320,0.6300,0.6300,0.6290,0.6270,0.6250,0.6290,0.6290,0.6290,0.6290,0.6330,0.6300,0.6300,0.6300,0.6300,0.6300,0.6300,0.6300,0.6330,0.6330,0.6340,0.6330,0.6330,0.6340,0.6060,0.6080,0.6560,0.6560,0.6560,0.6560,0.6570,0.6550,0.6580,0.6580,0.6580,0.6450,0.6450,0.6450,0.3960,0.3770
25,25,,KC242785,KC242785v1.KC242785v1,Luebo0_2007,DRC 2007,54,0.9710,0.9710,0.9710,0.9710,0.9710,0.9470,0.9810,0.9810,0.9810,0.9760,0.9770,1.0000,0.9780,0.6310,0.6310,0.6320,0.6320,0.6320,0.6320,0.6320,0.6320,0.6290,0.6290,0.6290,0.6270,0.6250,0.6290,0.6290,0.6290,0.6290,0.6330,0.6300,0.6300,0.6300,0.6300,0.6300,0.6300,0.6300,0.6330,0.6330,0.6340,0.6330,0.6330,0.6340,0.6060,0.6080,0.6560,0.6560,0.6560,0.6560,0.6570,0.6550,0.6580,0.6580,0.6570,0.6450,0.6450,0.6450,0.3960,0.3770
26,26,,KC242786,KC242786v1.KC242786v1,Luebo1_2007,DRC 2007,54,0.9720,0.9710,0.9710,0.9710,0.9710,0.9470,0.9810,0.9810,0.9810,0.9760,0.9780,1.0000,0.9790,0.6310,0.6310,0.6320,0.6320,0.6320,0.6310,0.6320,0.6320,0.6290,0.6290,0.6290,0.6270,0.6250,0.6290,0.6290,0.6290,0.6290,0.6330,0.6300,0.6300,0.6300,0.6300,0.6300,0.6300,0.6300,0.6330,0.6330,0.6340,0.6330,0.6330,0.6340,0.6070,0.6080,0.6560,0.6560,0.6560,0.6560,0.6570,0.6550,0.6580,0.6580,0.6580,0.6450,0.6450,0.6450,0.3960,0.3770
27,27,,KC242787,KC242787v1.KC242787v1,Luebo23_2007,DRC 2007,54,0.9710,0.9710,0.9710,0.9710,0.9710,0.9470,0.9810,0.9810,0.9810,0.9760,0.9780,1.0000,0.9780,0.6310,0.6310,0.6320,0.6320,0.6320,0.6310,0.6320,0.6320,0.6290,0.6290,0.6290,0.6270,0.6250,0.6290,0.6290,0.6290,0.6290,0.6330,0.6300,0.6300,0.6300,0.6300,0.6300,0.6300,0.6300,0.6330,0.6330,0.6340,0.6330,0.6330,0.6340,0.6070,0.6080,0.6560,0.6560,0.6560,0.6560,0.6570,0.6550,0.6580,0.6580,0.6580,0.6450,0.6450,0.6450,0.3960,0.3770
28,28,,KC242788,KC242788v1.KC242788v1,Luebo43_2007,DRC 2007,54,0.9710,0.9710,0.9710,0.9710,0.9710,0.9460,0.9810,0.9810,0.9810,0.9760,0.9770,0.9990,0.9780,0.6310,0.6310,0.6310,0.6310,0.6310,0.6310,0.6310,0.6310,0.6290,0.6290,0.6290,0.6260,0.6240,0.6280,0.6280,0.6290,0.6290,0.6330,0.6300,0.6300,0.6300,0.6300,0.6300,0.6300,0.6300,0.6330,0.6330,0.6340,0.6330,0.6330,0.6340,0.6060,0.6080,0.6560,0.6560,0.6560,0.6560,0.6570,0.6560,0.6580,0.6580,0.6580,0.6450,0.6450,0.6450,0.3960,0.3770
29,29,,KC242789,KC242789v1.KC242789v1,Luebo4_2007,DRC 2007,54,0.9710,0.9710,0.9710,0.9710,0.9710,0.9470,0.9810,0.9810,0.9810,0.9760,0.9780,1.0000,0.9780,0.6310,0.6310,0.6320,0.6320,0.6320,0.6310,0.6320,0.6320,0.6290,0.6290,0.6290,0.6270,0.6250,0.6290,0.6290,0.6290,0.6290,0.6330,0.6300,0.6300,0.6300,0.6300,0.6300,0.6300,0.6300,0.6330,0.6330,0.6340,0.6330,0.6330,0.6340,0.6070,0.6080,0.6560,0.6560,0.6560,0.6560,0.6570,0.6550,0.6580,0.6580,0.6570,0.6460,0.6460,0.6460,0.3960,0.3770
30,30,,KC242790,KC242790v1.KC242790v1,Luebo5_2007,DRC 2007,54,0.9710,0.9710,0.9710,0.9710,0.9710,0.9470,0.9810,0.9810,0.9810,0.9760,0.9780,1.0000,0.9780,0.6310,0.6310,0.6310,0.6310,0.6310,0.6310,0.6310,0.6310,0.6290,0.6290,0.6290,0.6270,0.6240,0.6290,0.6290,0.6290,0.6290,0.6330,0.6300,0.6300,0.6300,0.6300,0.6300,0.6300,0.6300,0.6330,0.6330,0.6340,0.6330,0.6330,0.6340,0.6060,0.6080,0.6560,0.6560,0.6560,0.6560,0.6570,0.6550,0.6580,0.6580,0.6570,0.6450,0.6450,0.6450,0.3960,0.3770
31,31,,KC242791,KC242791v1.KC242791v1,Bonduni_1977,Zaire(DRC) 1976-7,55,0.9700,0.9700,0.9700,0.9700,0.9700,0.9460,1.0000,1.0000,1.0000,0.9860,0.9870,0.9810,0.9780,0.6310,0.6310,0.6310,0.6310,0.6310,0.6310,0.6310,0.6310,0.6290,0.6290,0.6290,0.6270,0.6240,0.6280,0.6280,0.6290,0.6290,0.6330,0.6310,0.6310,0.6300,0.6300,0.6300,0.6300,0.6300,0.6330,0.6330,0.6340,0.6330,0.6330,0.6340,0.6060,0.6070,0.6560,0.6560,0.6560,0.6560,0.6560,0.6540,0.6570,0.6570,0.6570,0.6450,0.6450,0.6450,0.3950,0.3770
32,32,,KC242792,KC242792v1.KC242792v1,Gabon_1994,DRC 2007,56,0.9660,0.9660,0.9660,0.9660,0.9660,0.9420,0.9860,0.9860,0.9860,0.9980,0.9890,0.9760,0.9730,0.6300,0.6300,0.6310,0.6310,0.6310,0.6310,0.6310,0.6310,0.6290,0.6290,0.6290,0.6260,0.6240,0.6280,0.6280,0.6290,0.6290,0.6320,0.6300,0.6300,0.6290,0.6290,0.6290,0.6290,0.6290,0.6320,0.6320,0.6320,0.6310,0.6310,0.6320,0.6050,0.6060,0.6550,0.6550,0.6550,0.6550,0.6560,0.6540,0.6560,0.6560,0.6560,0.6450,0.6450,0.6450,0.3940,0.3760
33,33,,KC242793,KC242793v1.KC242793v1,1Eko_1996,DRC 2007,56,0.9660,0.9660,0.9660,0.9660,0.9660,0.9410,0.9860,0.9860,0.9860,1.0000,0.9890,0.9760,0.9730,0.6300,0.6300,0.6310,0.6310,0.6310,0.6310,0.6310,0.6310,0.6290,0.6290,0.6290,0.6260,0.6240,0.6280,0.6280,0.6290,0.6290,0.6320,0.6300,0.6300,0.6290,0.6290,0.6290,0.6290,0.6290,0.6320,0.6320,0.6320,0.6310,0.6310,0.6320,0.6050,0.6050,0.6550,0.6550,0.6550,0.6550,0.6560,0.6540,0.6560,0.6560,0.6560,0.6450,0.6450,0.6450,0.3940,0.3750
34,34,,KC242794,KC242794v1.KC242794v1,2Nza_1996,DRC 2007,56,0.9660,0.9650,0.9650,0.9650,0.9650,0.9410,0.9850,0.9850,0.9850,0.9960,0.9890,0.9750,0.9730,0.6300,0.6300,0.6300,0.6300,0.6300,0.6300,0.6300,0.6300,0.6280,0.6280,0.6280,0.6260,0.6230,0.6280,0.6280,0.6290,0.6290,0.6320,0.6290,0.6290,0.6290,0.6290,0.6290,0.6290,0.6280,0.6310,0.6310,0.6320,0.6310,0.6310,0.6320,0.6050,0.6050,0.6550,0.6550,0.6550,0.6550,0.6550,0.6530,0.6560,0.6560,0.6560,0.6440,0.6440,0.6440,0.3940,0.3760
35,35,,KC242795,KC242795v1.KC242795v1,1Mbie_Gabon_1996,DRC 2007,56,0.9660,0.9660,0.9660,0.9660,0.9660,0.9410,0.9860,0.9860,0.9860,1.0000,0.9890,0.9760,0.9730,0.6300,0.6300,0.6310,0.6310,0.6310,0.6310,0.6310,0.6310,0.6290,0.6290,0.6290,0.6260,0.6240,0.6280,0.6280,0.6290,0.6290,0.6320,0.6300,0.6300,0.6290,0.6290,0.6290,0.6290,0.6290,0.6320,0.6320,0.6320,0.6310,0.6310,0.6320,0.6050,0.6050,0.6550,0.6550,0.6550,0.6550,0.6560,0.6540,0.6560,0.6560,0.6560,0.6450,0.6450,0.6450,0.3940,0.3750
36,36,,KC242796,KC242796v1.KC242796v1,13625Kikwit_1995,DRC 2007,57,0.9690,0.9690,0.9690,0.9690,0.9690,0.9440,0.9880,0.9880,0.9880,0.9900,0.9990,0.9790,0.9760,0.6310,0.6310,0.6310,0.6310,0.6310,0.6310,0.6310,0.6310,0.6290,0.6290,0.6290,0.6270,0.6250,0.6290,0.6290,0.6290,0.6290,0.6330,0.6300,0.6300,0.6300,0.6300,0.6300,0.6300,0.6290,0.6320,0.6320,0.6330,0.6320,0.6320,0.6330,0.6060,0.6060,0.6560,0.6560,0.6560,0.6560,0.6560,0.6550,0.6570,0.6570,0.6570,0.6460,0.6460,0.6460,0.3940,0.3770
37,37,,KC242797,KC242797v1.KC242797v1,1Oba_Gabon_1996,DRC 2007,56,0.9660,0.9660,0.9660,0.9660,0.9660,0.9410,0.9860,0.9860,0.9860,1.0000,0.9890,0.9760,0.9730,0.6300,0.6300,0.6310,0.6310,0.6310,0.6310,0.6310,0.6310,0.6290,0.6290,0.6290,0.6260,0.6240,0.6280,0.6280,0.6290,0.6290,0.6320,0.6300,0.6300,0.6290,0.6290,0.6290,0.6290,0.6290,0.6320,0.6320,0.6320,0.6310,0.6310,0.6320,0.6050,0.6050,0.6550,0.6550,0.6550,0.6550,0.6560,0.6540,0.6560,0.6560,0.6560,0.6450,0.6450,0.6450,0.3940,0.3750
38,38,,KC242798,KC242798v1.KC242798v1,1Ikot_Gabon_1996,DRC 2007,56,0.9660,0.9650,0.9650,0.9650,0.9650,0.9410,0.9850,0.9850,0.9850,0.9960,0.9890,0.9750,0.9730,0.6300,0.6300,0.6300,0.6300,0.6300,0.6300,0.6300,0.6300,0.6280,0.6280,0.6280,0.6260,0.6230,0.6280,0.6280,0.6290,0.6290,0.6320,0.6290,0.6290,0.6290,0.6290,0.6290,0.6290,0.6280,0.6310,0.6310,0.6320,0.6310,0.6310,0.6320,0.6050,0.6050,0.6550,0.6550,0.6550,0.6550,0.6550,0.6530,0.6560,0.6560,0.6560,0.6440,0.6440,0.6440,0.3940,0.3760
39,39,,KC242799,KC242799v1.KC242799v1,13709Kikwit_1995,DRC 2007,57,0.9690,0.9690,0.9690,0.9690,0.9690,0.9440,0.9880,0.9880,0.9880,0.9900,0.9990,0.9790,0.9760,0.6310,0.6310,0.6310,0.6310,0.6310,0.6310,0.6310,0.6310,0.6290,0.6290,0.6290,0.6270,0.6250,0.6290,0.6290,0.6290,0.6290,0.6330,0.6300,0.6300,0.6300,0.6300,0.6300,0.6300,0.6290,0.6320,0.6320,0.6330,0.6320,0.6320,0.6330,0.6060,0.6060,0.6560,0.6560,0.6560,0.6560,0.6560,0.6550,0.6570,0.6570,0.6570,0.6460,0.6460,0.6460,0.3940,0.3770
40,40,,KC242800,KC242800v1.KC242800v1,Ilembe_2002,DRC 2007,52,0.9680,0.9680,0.9680,0.9680,0.9680,0.9440,0.9780,0.9780,0.9780,0.9730,0.9750,0.9780,1.0000,0.6300,0.6300,0.6300,0.6300,0.6300,0.6300,0.6300,0.6300,0.6280,0.6280,0.6280,0.6260,0.6240,0.6280,0.6280,0.6290,0.6290,0.6320,0.6290,0.6290,0.6290,0.6290,0.6290,0.6290,0.6290,0.6320,0.6320,0.6330,0.6310,0.6310,0.6320,0.6050,0.6060,0.6540,0.6540,0.6540,0.6540,0.6550,0.6530,0.6560,0.6560,0.6560,0.6460,0.6460,0.6460,0.3950,0.3770
41,41,,KC242801,KC242801v1.KC242801v1,deRoover_1976,Zaire(DRC) 1976-7,55,0.9700,0.9700,0.9700,0.9700,0.9700,0.9460,1.0000,1.0000,1.0000,0.9860,0.9870,0.9810,0.9780,0.6310,0.6310,0.6310,0.6310,0.6310,0.6310,0.6310,0.6310,0.6290,0.6290,0.6290,0.6270,0.6240,0.6280,0.6280,0.6290,0.6290,0.6330,0.6310,0.6310,0.6300,0.6300,0.6300,0.6300,0.6300,0.6330,0.6330,0.6340,0.6330,0.6330,0.6340,0.6060,0.6070,0.6560,0.6560,0.6560,0.6550,0.6560,0.6540,0.6570,0.6570,0.6570,0.6450,0.6450,0.6450,0.3950,0.3770
42,42,,KC545389,KC545389v1.KC545389v1,EboSud-602_2012,Sudan 1976-9,46,0.6380,0.6380,0.6380,0.6380,0.6380,0.6220,0.6340,0.6340,0.6340,0.6330,0.6330,0.6340,0.6330,0.9980,0.9980,1.0000,1.0000,1.0000,0.9880,0.9880,0.9880,0.9580,0.9580,0.9580,0.9600,0.9350,0.8590,0.8590,0.8600,0.8750,0.5740,0.5720,0.5720,0.5730,0.5730,0.5730,0.5730,0.5720,0.5720,0.5720,0.5720,0.5750,0.5750,0.5760,0.5560,0.5570,0.5720,0.5720,0.5720,0.5720,0.5730,0.5720,0.5740,0.5740,0.5740,0.5620,0.5620,0.5620,0.3520,0.3420
43,43,,KC545390,KC545390v1.KC545390v1,EboSud-603_2012,Sudan 1976-9,47,0.6380,0.6380,0.6380,0.6380,0.6380,0.6220,0.6340,0.6340,0.6340,0.6340,0.6330,0.6340,0.6330,0.9880,0.9880,0.9880,0.9880,0.9880,1.0000,0.9880,0.9880,0.9580,0.9580,0.9580,0.9600,0.9350,0.8590,0.8590,0.8600,0.8750,0.5740,0.5720,0.5720,0.5730,0.5730,0.5730,0.5730,0.5720,0.5720,0.5720,0.5720,0.5750,0.5750,0.5760,0.5560,0.5570,0.5720,0.5720,0.5720,0.5720,0.5730,0.5720,0.5740,0.5740,0.5740,0.5620,0.5620,0.5620,0.3520,0.3420
44,44,,KC545391,KC545391v1.KC545391v1,EboSud-609_2012,Sudan 1976-9,48,0.6380,0.6380,0.6380,0.6380,0.6380,0.6220,0.6340,0.6340,0.6340,0.6330,0.6330,0.6340,0.6330,0.9880,0.9880,0.9880,0.9880,0.9880,0.9880,1.0000,0.9880,0.9580,0.9580,0.9580,0.9600,0.9350,0.8590,0.8590,0.8600,0.8750,0.5740,0.5720,0.5720,0.5730,0.5730,0.5730,0.5730,0.5720,0.5720,0.5720,0.5720,0.5750,0.5750,0.5760,0.5560,0.5570,0.5720,0.5720,0.5720,0.5720,0.5730,0.5720,0.5740,0.5740,0.5740,0.5620,0.5620,0.5620,0.3520,0.3420
45,45,,KC545392,KC545392v1.KC545392v1,EboSud-682_2012,Sudan 1976-9,49,0.6380,0.6380,0.6380,0.6380,0.6380,0.6220,0.6340,0.6340,0.6340,0.6330,0.6330,0.6340,0.6330,0.9880,0.9880,0.9880,0.9880,0.9880,0.9880,0.9880,1.0000,0.9580,0.9580,0.9580,0.9600,0.9350,0.8590,0.8590,0.8600,0.8750,0.5740,0.5720,0.5720,0.5730,0.5730,0.5730,0.5730,0.5720,0.5720,0.5720,0.5720,0.5750,0.5750,0.5760,0.5560,0.5570,0.5720,0.5720,0.5720,0.5720,0.5730,0.5720,0.5740,0.5740,0.5740,0.5620,0.5620,0.5620,0.3520,0.3420
46,46,,KC545393,KC545393v1.KC545393v1,EboBund-112_2012,Bundibugyo 2007,15,0.6580,0.6590,0.6590,0.6590,0.6590,0.6430,0.6560,0.6560,0.6560,0.6560,0.6560,0.6570,0.6550,0.5700,0.5700,0.5700,0.5700,0.5700,0.5700,0.5710,0.5700,0.5690,0.5690,0.5690,0.5670,0.5690,0.5700,0.5700,0.5710,0.5710,0.5760,0.5740,0.5740,0.5730,0.5730,0.5730,0.5730,0.5750,0.5740,0.5740,0.5750,0.5740,0.5740,0.5750,0.5560,0.5570,1.0000,1.0000,1.0000,0.9750,0.9700,0.9630,0.9150,0.9150,0.9150,0.6370,0.6370,0.6370,0.3580,0.3450
47,47,,KC545394,KC545394v1.KC545394v1,EboBund-120_2012,Bundibugyo 2007,17,0.6590,0.6590,0.6590,0.6590,0.6590,0.6440,0.6570,0.6570,0.6570,0.6560,0.6560,0.6580,0.6550,0.5700,0.5700,0.5710,0.5710,0.5710,0.5710,0.5710,0.5710,0.5690,0.5690,0.5690,0.5670,0.5690,0.5700,0.5700,0.5710,0.5710,0.5760,0.5740,0.5740,0.5740,0.5740,0.5740,0.5740,0.5750,0.5740,0.5740,0.5750,0.5750,0.5750,0.5750,0.5560,0.5570,0.9700,0.9700,0.9700,0.9700,1.0000,0.9570,0.9180,0.9180,0.9190,0.6380,0.6380,0.6380,0.3570,0.3450
48,48,,KC545395,KC545395v1.KC545395v1,EboBund-122_2012,Bundibugyo 2007,18,0.6580,0.6580,0.6580,0.6580,0.6580,0.6420,0.6550,0.6550,0.6550,0.6540,0.6550,0.6560,0.6540,0.5700,0.5700,0.5700,0.5700,0.5700,0.5700,0.5700,0.5700,0.5690,0.5690,0.5690,0.5670,0.5690,0.5700,0.5700,0.5700,0.5700,0.5760,0.5740,0.5740,0.5730,0.5730,0.5730,0.5730,0.5740,0.5740,0.5740,0.5740,0.5740,0.5740,0.5740,0.5550,0.5570,0.9630,0.9630,0.9630,0.9630,0.9570,1.0000,0.9270,0.9270,0.9270,0.6370,0.6370,0.6370,0.3580,0.3450
49,49,,KC545396,KC545396v1.KC545396v1,EboBund-14_2012,Bundibugyo 2007,16,0.6580,0.6580,0.6580,0.6580,0.6580,0.6430,0.6560,0.6560,0.6560,0.6560,0.6560,0.6570,0.6550,0.5700,0.5700,0.5700,0.5700,0.5700,0.5700,0.5700,0.5700,0.5690,0.5690,0.5690,0.5670,0.5690,0.5700,0.5700,0.5710,0.5710,0.5760,0.5740,0.5740,0.5730,0.5730,0.5730,0.5730,0.5750,0.5740,0.5740,0.5750,0.5740,0.5740,0.5740,0.5550,0.5570,0.9750,0.9750,0.9750,1.0000,0.9700,0.9630,0.9150,0.9150,0.9150,0.6370,0.6370,0.6370,0.3580,0.3450
50,50,,KC589025,KC589025v1.KC589025v1,EboSud-639_2012,Sudan 1976-9,40,0.6310,0.6310,0.6310,0.6310,0.6310,0.6150,0.6270,0.6270,0.6270,0.6270,0.6270,0.6270,0.6260,0.9350,0.9350,0.9350,0.9350,0.9350,0.9350,0.9350,0.9350,0.9390,0.9390,0.9390,0.9400,1.0000,0.8420,0.8420,0.8440,0.8550,0.5720,0.5700,0.5700,0.5710,0.5710,0.5710,0.5710,0.5700,0.5700,0.5700,0.5700,0.5730,0.5730,0.5730,0.5540,0.5560,0.5700,0.5700,0.5700,0.5700,0.5700,0.5710,0.5720,0.5720,0.5720,0.5610,0.5610,0.5610,0.3510,0.3410
51,51,,KJ660346,KJ660346v2.KJ660346v2,Guinea_Kissidougou-C15_2014,Ebola 2014,58,1.0000,1.0000,1.0000,1.0000,1.0000,0.9740,0.9710,0.9710,0.9710,0.9660,0.9680,0.9720,0.9690,0.6350,0.6350,0.6350,0.6350,0.6350,0.6350,0.6350,0.6350,0.6330,0.6330,0.6330,0.6300,0.6280,0.6330,0.6330,0.6340,0.6340,0.6340,0.6310,0.6310,0.6310,0.6310,0.6310,0.6310,0.6310,0.6340,0.6340,0.6350,0.6340,0.6340,0.6360,0.6070,0.6090,0.6580,0.6580,0.6580,0.6580,0.6590,0.6570,0.6590,0.6590,0.6590,0.6470,0.6470,0.6470,0.3970,0.3770
52,52,,KJ660347,KJ660347v2.KJ660347v2,Guinea_Gueckedou-C07_2014,Ebola 2014,58,0.9990,0.9990,0.9990,0.9990,0.9990,0.9740,0.9710,0.9710,0.9710,0.9660,0.9680,0.9720,0.9690,0.6350,0.6350,0.6350,0.6350,0.6350,0.6350,0.6350,0.6350,0.6330,0.6330,0.6330,0.6300,0.6280,0.6330,0.6330,0.6340,0.6340,0.6340,0.6320,0.6320,0.6310,0.6310,0.6310,0.6310,0.6310,0.6340,0.6340,0.6350,0.6340,0.6340,0.6360,0.6070,0.6090,0.6580,0.6580,0.6580,0.6580,0.6590,0.6570,0.6590,0.6590,0.6590,0.6470,0.6470,0.6470,0.3970,0.3780
53,53,,KJ660348,KJ660348v2.KJ660348v2,Guinea_Gueckedou-C05_2014,Ebola 2014,58,0.9990,0.9990,0.9990,0.9990,0.9990,0.9740,0.9710,0.9710,0.9710,0.9660,0.9680,0.9720,0.9680,0.6350,0.6350,0.6350,0.6350,0.6350,0.6350,0.6350,0.6350,0.6330,0.6330,0.6330,0.6300,0.6280,0.6330,0.6330,0.6330,0.6330,0.6340,0.6320,0.6320,0.6310,0.6310,0.6310,0.6310,0.6310,0.6340,0.6340,0.6350,0.6350,0.6350,0.6360,0.6070,0.6090,0.6580,0.6580,0.6580,0.6580,0.6580,0.6570,0.6590,0.6590,0.6590,0.6470,0.6470,0.6470,0.3970,0.3780
54,54,,KM034549,KM034549v1.KM034549v1,EM095B_2014,Ebola 2014,58,0.9980,0.9980,0.9980,0.9980,0.9980,0.9790,0.9690,0.9690,0.9690,0.9640,0.9670,0.9700,0.9670,0.6330,0.6330,0.6340,0.6340,0.6340,0.6340,0.6340,0.6340,0.6310,0.6310,0.6310,0.6280,0.6260,0.6310,0.6310,0.6320,0.6320,0.6330,0.6300,0.6300,0.6290,0.6290,0.6290,0.6290,0.6290,0.6330,0.6330,0.6330,0.6330,0.6330,0.6340,0.6100,0.6100,0.6570,0.6570,0.6570,0.6570,0.6570,0.6560,0.6580,0.6580,0.6580,0.6460,0.6460,0.6460,0.4000,0.3800
55,55,,KM034550,KM034550v1.KM034550v1,EM095_2014,Ebola 2014,58,0.9990,0.9990,0.9990,0.9990,0.9990,0.9760,0.9700,0.9700,0.9700,0.9650,0.9680,0.9710,0.9670,0.6340,0.6340,0.6340,0.6340,0.6340,0.6340,0.6340,0.6340,0.6320,0.6320,0.6320,0.6290,0.6270,0.6320,0.6320,0.6330,0.6330,0.6330,0.6300,0.6300,0.6300,0.6300,0.6300,0.6300,0.6300,0.6330,0.6330,0.6340,0.6330,0.6330,0.6340,0.6080,0.6080,0.6570,0.6570,0.6570,0.6570,0.6580,0.6560,0.6580,0.6580,0.6580,0.6460,0.6460,0.6460,0.3980,0.3780
56,56,,KM034551,KM034551v1.KM034551v1,EM096_2014,Ebola 2014,58,1.0000,1.0000,1.0000,1.0000,1.0000,0.9750,0.9700,0.9700,0.9700,0.9660,0.9680,0.9710,0.9680,0.6340,0.6340,0.6350,0.6350,0.6350,0.6350,0.6350,0.6350,0.6330,0.6330,0.6320,0.6300,0.6280,0.6330,0.6330,0.6330,0.6330,0.6340,0.6310,0.6310,0.6310,0.6310,0.6310,0.6310,0.6310,0.6340,0.6340,0.6340,0.6340,0.6340,0.6350,0.6080,0.6080,0.6580,0.6580,0.6570,0.6570,0.6580,0.6570,0.6590,0.6590,0.6590,0.6470,0.6470,0.6470,0.3980,0.3780
57,57,,KM034552,KM034552v1.KM034552v1,EM098_2014,Ebola 2014,58,1.0000,1.0000,1.0000,1.0000,1.0000,0.9830,0.9700,0.9700,0.9700,0.9660,0.9680,0.9710,0.9680,0.6340,0.6340,0.6340,0.6340,0.6340,0.6340,0.6340,0.6340,0.6320,0.6320,0.6320,0.6290,0.6270,0.6320,0.6320,0.6320,0.6320,0.6330,0.6300,0.6300,0.6300,0.6300,0.6300,0.6300,0.6300,0.6330,0.6330,0.6330,0.6330,0.6330,0.6340,0.6100,0.6100,0.6570,0.6570,0.6570,0.6570,0.6580,0.6560,0.6590,0.6590,0.6590,0.6460,0.6460,0.6460,0.4010,0.3810
58,58,,KM034553,KM034553v1.KM034553v1,G3670v1_2014,Ebola 2014,58,1.0000,1.0000,1.0000,1.0000,1.0000,0.9750,0.9700,0.9700,0.9700,0.9660,0.9680,0.9710,0.9680,0.6350,0.6350,0.6350,0.6350,0.6350,0.6350,0.6350,0.6350,0.6330,0.6330,0.6330,0.6300,0.6280,0.6330,0.6330,0.6330,0.6330,0.6340,0.6310,0.6310,0.6310,0.6310,0.6310,0.6310,0.6310,0.6340,0.6340,0.6340,0.6340,0.6340,0.6350,0.6080,0.6080,0.6580,0.6580,0.6570,0.6570,0.6580,0.6570,0.6590,0.6590,0.6590,0.6470,0.6470,0.6470,0.3980,0.3780
59,59,,KM034554,KM034554v1.KM034554v1,G3676v1_2014,Ebola 2014,58,1.0000,1.0000,1.0000,1.0000,1.0000,0.9750,0.9710,0.9710,0.9710,0.9660,0.9680,0.9720,0.9680,0.6350,0.6350,0.6350,0.6350,0.6350,0.6350,0.6350,0.6350,0.6330,0.6330,0.6330,0.6300,0.6280,0.6330,0.6330,0.6330,0.6330,0.6340,0.6310,0.6310,0.6310,0.6310,0.6310,0.6310,0.6310,0.6340,0.6340,0.6350,0.6340,0.6340,0.6350,0.6070,0.6090,0.6580,0.6580,0.6580,0.6580,0.6580,0.6570,0.6590,0.6590,0.6590,0.6470,0.6470,0.6470,0.3970,0.3780
60,60,,KM034555,KM034555v1.KM034555v1,G3676v2_2014,Ebola 2014,58,1.0000,1.0000,1.0000,1.0000,1.0000,0.9740,0.9710,0.9710,0.9710,0.9660,0.9680,0.9720,0.9680,0.6350,0.6350,0.6350,0.6350,0.6350,0.6350,0.6350,0.6350,0.6330,0.6330,0.6330,0.6300,0.6280,0.6330,0.6330,0.6330,0.6330,0.6340,0.6310,0.6310,0.6310,0.6310,0.6310,0.6310,0.6310,0.6340,0.6340,0.6350,0.6340,0.6340,0.6350,0.6070,0.6090,0.6580,0.6580,0.6580,0.6580,0.6580,0.6570,0.6590,0.6590,0.6590,0.6470,0.6470,0.6470,0.3970,0.3780
61,61,,KM034556,KM034556v1.KM034556v1,G3677v1_2014,Ebola 2014,58,1.0000,1.0000,1.0000,1.0000,1.0000,0.9750,0.9700,0.9700,0.9700,0.9660,0.9680,0.9710,0.9680,0.6350,0.6350,0.6350,0.6350,0.6350,0.6350,0.6350,0.6350,0.6330,0.6330,0.6330,0.6300,0.6280,0.6330,0.6330,0.6330,0.6330,0.6340,0.6310,0.6310,0.6310,0.6310,0.6310,0.6310,0.6310,0.6340,0.6340,0.6340,0.6340,0.6340,0.6350,0.6080,0.6080,0.6580,0.6580,0.6580,0.6570,0.6580,0.6570,0.6590,0.6590,0.6590,0.6470,0.6470,0.6470,0.3980,0.3780
62,62,,KM034557,KM034557v1.KM034557v1,G3677v2_2014,Ebola 2014,58,1.0000,1.0000,1.0000,1.0000,1.0000,0.9740,0.9700,0.9700,0.9700,0.9660,0.9680,0.9710,0.9680,0.6350,0.6350,0.6350,0.6350,0.6350,0.6350,0.6350,0.6350,0.6330,0.6330,0.6330,0.6300,0.6280,0.6330,0.6330,0.6340,0.6340,0.6340,0.6310,0.6310,0.6310,0.6310,0.6310,0.6310,0.6310,0.6340,0.6340,0.6350,0.6340,0.6340,0.6350,0.6070,0.6090,0.6580,0.6580,0.6580,0.6580,0.6580,0.6570,0.6590,0.6590,0.6590,0.6470,0.6470,0.6470,0.3970,0.3780
63,63,,KM034558,KM034558v1.KM034558v1,G3679v1_2014,Ebola 2014,58,1.0000,1.0000,1.0000,1.0000,1.0000,0.9760,0.9700,0.9700,0.9700,0.9660,0.9680,0.9710,0.9680,0.6340,0.6340,0.6340,0.6340,0.6340,0.6340,0.6340,0.6340,0.6320,0.6320,0.6320,0.6290,0.6270,0.6320,0.6320,0.6330,0.6330,0.6340,0.6310,0.6310,0.6300,0.6300,0.6300,0.6300,0.6310,0.6340,0.6340,0.6340,0.6340,0.6340,0.6350,0.6080,0.6090,0.6570,0.6570,0.6570,0.6570,0.6580,0.6560,0.6590,0.6590,0.6580,0.6460,0.6460,0.6460,0.3980,0.3780
64,64,,KM034559,KM034559v1.KM034559v1,G3680v1_2014,Ebola 2014,58,1.0000,1.0000,1.0000,1.0000,1.0000,0.9760,0.9710,0.9710,0.9710,0.9660,0.9690,0.9720,0.9680,0.6350,0.6350,0.6350,0.6350,0.6350,0.6350,0.6350,0.6350,0.6330,0.6330,0.6330,0.6300,0.6280,0.6330,0.6330,0.6330,0.6330,0.6340,0.6310,0.6310,0.6310,0.6310,0.6310,0.6310,0.6310,0.6340,0.6340,0.6340,0.6340,0.6340,0.6350,0.6080,0.6080,0.6580,0.6580,0.6580,0.6580,0.6580,0.6570,0.6590,0.6590,0.6590,0.6470,0.6470,0.6470,0.3980,0.3780
65,65,,KM034560,KM034560v1.KM034560v1,G3682v1_2014,Ebola 2014,58,1.0000,1.0000,1.0000,1.0000,1.0000,0.9740,0.9700,0.9700,0.9700,0.9660,0.9680,0.9710,0.9680,0.6350,0.6350,0.6350,0.6350,0.6350,0.6350,0.6350,0.6350,0.6330,0.6330,0.6330,0.6300,0.6280,0.6330,0.6330,0.6330,0.6330,0.6340,0.6310,0.6310,0.6310,0.6310,0.6310,0.6310,0.6310,0.6340,0.6340,0.6350,0.6340,0.6340,0.6350,0.6070,0.6090,0.6580,0.6580,0.6580,0.6580,0.6580,0.6570,0.6590,0.6590,0.6590,0.6470,0.6470,0.6470,0.3970,0.3780
66,66,,KM034561,KM034561v1.KM034561v1,G3683v1_2014,Ebola 2014,58,1.0000,1.0000,1.0000,1.0000,1.0000,0.9770,0.9710,0.9710,0.9710,0.9660,0.9690,0.9720,0.9680,0.6340,0.6340,0.6350,0.6350,0.6350,0.6350,0.6350,0.6350,0.6320,0.6320,0.6320,0.6300,0.6270,0.6320,0.6320,0.6330,0.6330,0.6340,0.6310,0.6310,0.6300,0.6300,0.6300,0.6300,0.6300,0.6340,0.6340,0.6340,0.6340,0.6340,0.6350,0.6090,0.6090,0.6580,0.6580,0.6570,0.6570,0.6580,0.6570,0.6590,0.6590,0.6590,0.6470,0.6470,0.6470,0.3980,0.3790
67,67,,KM034563,KM034563v1.KM034563v1,G3687v1_2014,Ebola 2014,59,0.9870,0.9870,0.9870,0.9870,0.9870,1.0000,0.9590,0.9590,0.9590,0.9540,0.9570,0.9600,0.9570,0.6280,0.6280,0.6280,0.6280,0.6280,0.6280,0.6280,0.6280,0.6260,0.6260,0.6260,0.6230,0.6210,0.6250,0.6250,0.6260,0.6260,0.6270,0.6240,0.6240,0.6240,0.6240,0.6240,0.6240,0.6240,0.6270,0.6270,0.6280,0.6280,0.6280,0.6290,0.6070,0.6050,0.6510,0.6510,0.6510,0.6510,0.6520,0.6500,0.6520,0.6520,0.6520,0.6400,0.6400,0.6400,0.4000,0.3810
68,68,,KM233035,KM233035v1.KM233035v1,EM104_2014,Ebola 2014,58,1.0000,1.0000,1.0000,1.0000,1.0000,0.9760,0.9700,0.9700,0.9700,0.9660,0.9680,0.9710,0.9680,0.6350,0.6350,0.6350,0.6350,0.6350,0.6350,0.6350,0.6350,0.6330,0.6330,0.6330,0.6300,0.6280,0.6330,0.6330,0.6330,0.6330,0.6340,0.6310,0.6310,0.6300,0.6300,0.6300,0.6300,0.6300,0.6340,0.6340,0.6340,0.6340,0.6340,0.6350,0.6080,0.6080,0.6580,0.6580,0.6570,0.6570,0.6580,0.6570,0.6590,0.6590,0.6590,0.6470,0.6470,0.6470,0.3980,0.3780
69,69,,KM233036,KM233036v1.KM233036v1,EM106_2014,Ebola 2014,58,1.0000,1.0000,1.0000,1.0000,1.0000,0.9780,0.9700,0.9700,0.9700,0.9660,0.9680,0.9710,0.9680,0.6340,0.6340,0.6340,0.6340,0.6340,0.6340,0.6340,0.6340,0.6320,0.6320,0.6320,0.6290,0.6270,0.6320,0.6320,0.6330,0.6330,0.6330,0.6310,0.6310,0.6300,0.6300,0.6300,0.6300,0.6300,0.6330,0.6330,0.6340,0.6340,0.6340,0.6350,0.6090,0.6090,0.6580,0.6580,0.6570,0.6570,0.6580,0.6560,0.6590,0.6590,0.6590,0.6470,0.6470,0.6470,0.3990,0.3790
70,70,,KM233037,KM233037v1.KM233037v1,EM110_2014,Ebola 2014,58,1.0000,1.0000,1.0000,1.0000,1.0000,0.9760,0.9700,0.9700,0.9700,0.9660,0.9680,0.9710,0.9680,0.6340,0.6340,0.6350,0.6350,0.6350,0.6350,0.6350,0.6350,0.6330,0.6330,0.6320,0.6300,0.6270,0.6330,0.6330,0.6330,0.6330,0.6340,0.6310,0.6310,0.6300,0.6300,0.6300,0.6300,0.6300,0.6340,0.6340,0.6340,0.6340,0.6340,0.6350,0.6080,0.6080,0.6580,0.6580,0.6570,0.6570,0.6580,0.6570,0.6590,0.6590,0.6590,0.6470,0.6470,0.6470,0.3980,0.3780
71,71,,KM233038,KM233038v1.KM233038v1,EM111_2014,Ebola 2014,58,1.0000,1.0000,1.0000,1.0000,1.0000,0.9760,0.9700,0.9700,0.9700,0.9660,0.9680,0.9710,0.9680,0.6350,0.6350,0.6350,0.6350,0.6350,0.6350,0.6350,0.6350,0.6330,0.6330,0.6320,0.6300,0.6280,0.6330,0.6330,0.6330,0.6330,0.6340,0.6310,0.6310,0.6300,0.6300,0.6300,0.6300,0.6300,0.6340,0.6340,0.6340,0.6340,0.6340,0.6350,0.6080,0.6080,0.6580,0.6580,0.6580,0.6570,0.6580,0.6570,0.6590,0.6590,0.6590,0.6470,0.6470,0.6470,0.3980,0.3780
72,72,,KM233039,KM233039v1.KM233039v1,EM112_2014,Ebola 2014,58,1.0000,1.0000,1.0000,1.0000,1.0000,0.9740,0.9700,0.9700,0.9700,0.9660,0.9680,0.9710,0.9680,0.6350,0.6350,0.6350,0.6350,0.6350,0.6350,0.6350,0.6350,0.6330,0.6330,0.6330,0.6300,0.6280,0.6330,0.6330,0.6330,0.6330,0.6340,0.6310,0.6310,0.6310,0.6310,0.6310,0.6310,0.6310,0.6340,0.6340,0.6350,0.6340,0.6340,0.6350,0.6070,0.6080,0.6580,0.6580,0.6580,0.6580,0.6580,0.6570,0.6590,0.6590,0.6590,0.6470,0.6470,0.6470,0.3970,0.3780
73,73,,KM233040,KM233040v1.KM233040v1,EM113_2014,Ebola 2014,58,1.0000,1.0000,1.0000,1.0000,1.0000,0.9760,0.9700,0.9700,0.9700,0.9660,0.9680,0.9710,0.9680,0.6350,0.6350,0.6350,0.6350,0.6350,0.6350,0.6350,0.6350,0.6330,0.6330,0.6330,0.6300,0.6280,0.6330,0.6330,0.6330,0.6330,0.6340,0.6310,0.6310,0.6310,0.6310,0.6310,0.6310,0.6310,0.6340,0.6340,0.6340,0.6340,0.6340,0.6350,0.6080,0.6080,0.6580,0.6580,0.6580,0.6570,0.6580,0.6570,0.6590,0.6590,0.6590,0.6470,0.6470,0.6470,0.3980,0.3780
74,74,,KM233041,KM233041v1.KM233041v1,EM115_2014,Ebola 2014,58,1.0000,1.0000,1.0000,1.0000,1.0000,0.9770,0.9700,0.9700,0.9700,0.9660,0.9680,0.9710,0.9680,0.6340,0.6340,0.6350,0.6350,0.6350,0.6350,0.6350,0.6350,0.6330,0.6330,0.6320,0.6300,0.6270,0.6320,0.6320,0.6330,0.6330,0.6340,0.6310,0.6310,0.6300,0.6300,0.6300,0.6300,0.6300,0.6340,0.6340,0.6340,0.6340,0.6340,0.6350,0.6090,0.6090,0.6580,0.6580,0.6580,0.6570,0.6580,0.6570,0.6590,0.6590,0.6590,0.6470,0.6470,0.6470,0.3990,0.3790
75,75,,KM233042,KM233042v1.KM233042v1,EM119_2014,Ebola 2014,58,1.0000,1.0000,1.0000,1.0000,1.0000,0.9760,0.9700,0.9700,0.9700,0.9660,0.9680,0.9710,0.9680,0.6340,0.6340,0.6350,0.6350,0.6350,0.6350,0.6350,0.6350,0.6330,0.6330,0.6320,0.6300,0.6270,0.6330,0.6330,0.6330,0.6330,0.6330,0.6310,0.6310,0.6300,0.6300,0.6300,0.6300,0.6300,0.6340,0.6340,0.6340,0.6340,0.6340,0.6350,0.6080,0.6080,0.6580,0.6580,0.6580,0.6570,0.6580,0.6570,0.6590,0.6590,0.6590,0.6470,0.6470,0.6470,0.3980,0.3780
76,76,,KM233043,KM233043v1.KM233043v1,EM120_2014,Ebola 2014,58,1.0000,1.0000,1.0000,1.0000,1.0000,0.9760,0.9700,0.9700,0.9700,0.9660,0.9680,0.9710,0.9680,0.6350,0.6350,0.6350,0.6350,0.6350,0.6350,0.6350,0.6350,0.6330,0.6330,0.6320,0.6300,0.6280,0.6330,0.6330,0.6330,0.6330,0.6340,0.6310,0.6310,0.6310,0.6310,0.6310,0.6310,0.6310,0.6340,0.6340,0.6340,0.6340,0.6340,0.6350,0.6080,0.6100,0.6580,0.6580,0.6580,0.6580,0.6580,0.6570,0.6590,0.6590,0.6590,0.6470,0.6470,0.6470,0.3980,0.3780
77,77,,KM233044,KM233044v1.KM233044v1,EM121_2014,Ebola 2014,58,1.0000,1.0000,1.0000,1.0000,1.0000,0.9760,0.9700,0.9700,0.9700,0.9660,0.9680,0.9710,0.9680,0.6350,0.6350,0.6350,0.6350,0.6350,0.6350,0.6350,0.6350,0.6330,0.6330,0.6320,0.6300,0.6280,0.6330,0.6330,0.6330,0.6330,0.6340,0.6310,0.6310,0.6310,0.6310,0.6310,0.6310,0.6300,0.6340,0.6340,0.6340,0.6340,0.6340,0.6350,0.6080,0.6080,0.6580,0.6580,0.6570,0.6570,0.6580,0.6570,0.6590,0.6590,0.6590,0.6470,0.6470,0.6470,0.3980,0.3780
78,78,,KM233045,KM233045v1.KM233045v1,EM124v1_2014,Ebola 2014,58,1.0000,1.0000,1.0000,1.0000,1.0000,0.9760,0.9700,0.9700,0.9700,0.9660,0.9680,0.9710,0.9680,0.6350,0.6350,0.6350,0.6350,0.6350,0.6350,0.6350,0.6350,0.6330,0.6330,0.6330,0.6300,0.6280,0.6330,0.6330,0.6330,0.6330,0.6340,0.6310,0.6310,0.6310,0.6310,0.6310,0.6310,0.6310,0.6340,0.6340,0.6340,0.6340,0.6340,0.6350,0.6080,0.6100,0.6580,0.6580,0.6580,0.6580,0.6580,0.6570,0.6590,0.6590,0.6590,0.6470,0.6470,0.6470,0.3980,0.3780
79,79,,KM233046,KM233046v1.KM233046v1,EM124v2_2014,Ebola 2014,58,1.0000,1.0000,1.0000,1.0000,1.0000,0.9780,0.9700,0.9700,0.9700,0.9660,0.9680,0.9710,0.9680,0.6340,0.6340,0.6340,0.6340,0.6340,0.6340,0.6340,0.6340,0.6320,0.6320,0.6320,0.6290,0.6270,0.6320,0.6320,0.6330,0.6330,0.6330,0.6300,0.6300,0.6300,0.6300,0.6300,0.6300,0.6300,0.6330,0.6330,0.6340,0.6330,0.6330,0.6340,0.6100,0.6100,0.6570,0.6570,0.6570,0.6570,0.6580,0.6560,0.6590,0.6590,0.6590,0.6470,0.6470,0.6470,0.3990,0.3790
80,80,,KM233047,KM233047v1.KM233047v1,EM124v3_2014,Ebola 2014,58,1.0000,1.0000,1.0000,1.0000,1.0000,0.9760,0.9700,0.9700,0.9700,0.9660,0.9680,0.9710,0.9680,0.6350,0.6350,0.6350,0.6350,0.6350,0.6350,0.6350,0.6350,0.6330,0.6330,0.6330,0.6300,0.6280,0.6330,0.6330,0.6330,0.6330,0.6340,0.6310,0.6310,0.6310,0.6310,0.6310,0.6310,0.6310,0.6340,0.6340,0.6340,0.6340,0.6340,0.6350,0.6080,0.6080,0.6580,0.6580,0.6580,0.6580,0.6580,0.6570,0.6590,0.6590,0.6590,0.6470,0.6470,0.6470,0.3980,0.3780
81,81,,KM233048,KM233048v1.KM233048v1,EM124v4_2014,Ebola 2014,58,1.0000,1.0000,1.0000,1.0000,1.0000,0.9790,0.9700,0.9700,0.9700,0.9660,0.9680,0.9710,0.9680,0.6340,0.6340,0.6340,0.6340,0.6340,0.6340,0.6340,0.6340,0.6320,0.6320,0.6320,0.6290,0.6270,0.6320,0.6320,0.6320,0.6320,0.6330,0.6310,0.6310,0.6300,0.6300,0.6300,0.6300,0.6300,0.6330,0.6330,0.6340,0.6340,0.6340,0.6350,0.6110,0.6100,0.6570,0.6570,0.6570,0.6570,0.6580,0.6560,0.6590,0.6590,0.6590,0.6470,0.6470,0.6470,0.4000,0.3800
82,82,,KM233049,KM233049v1.KM233049v1,G3707_2014,Ebola 2014,58,1.0000,1.0000,1.0000,1.0000,1.0000,0.9740,0.9700,0.9700,0.9700,0.9660,0.9680,0.9710,0.9680,0.6350,0.6350,0.6350,0.6350,0.6350,0.6350,0.6350,0.6350,0.6330,0.6330,0.6330,0.6300,0.6280,0.6330,0.6330,0.6330,0.6330,0.6340,0.6310,0.6310,0.6310,0.6310,0.6310,0.6310,0.6310,0.6340,0.6340,0.6340,0.6340,0.6340,0.6350,0.6070,0.6080,0.6580,0.6580,0.6580,0.6580,0.6580,0.6570,0.6590,0.6590,0.6590,0.6470,0.6470,0.6470,0.3970,0.3780
83,83,,KM233050,KM233050v1.KM233050v1,G3713v2_2014,Ebola 2014,58,1.0000,1.0000,1.0000,1.0000,1.0000,0.9740,0.9700,0.9700,0.9700,0.9660,0.9680,0.9710,0.9680,0.6350,0.6350,0.6350,0.6350,0.6350,0.6350,0.6350,0.6350,0.6330,0.6330,0.6330,0.6300,0.6280,0.6330,0.6330,0.6340,0.6340,0.6340,0.6310,0.6310,0.6310,0.6310,0.6310,0.6310,0.6310,0.6340,0.6340,0.6350,0.6340,0.6340,0.6360,0.6070,0.6090,0.6580,0.6580,0.6580,0.6580,0.6580,0.6570,0.6590,0.6590,0.6590,0.6470,0.6470,0.6470,0.3970,0.3780
84,84,,KM233051,KM233051v1.KM233051v1,G3713v3_2014,Ebola 2014,58,1.0000,1.0000,1.0000,1.0000,1.0000,0.9740,0.9700,0.9700,0.9700,0.9660,0.9680,0.9710,0.9680,0.6350,0.6350,0.6350,0.6350,0.6350,0.6350,0.6350,0.6350,0.6330,0.6330,0.6330,0.6300,0.6280,0.6330,0.6330,0.6330,0.6330,0.6340,0.6310,0.6310,0.6310,0.6310,0.6310,0.6310,0.6310,0.6340,0.6340,0.6350,0.6340,0.6340,0.6350,0.6070,0.6090,0.6580,0.6580,0.6580,0.6580,0.6580,0.6570,0.6590,0.6590,0.6590,0.6470,0.6470,0.6470,0.3970,0.3780
85,85,,KM233052,KM233052v1.KM233052v1,G3713v4_2014,Ebola 2014,58,1.0000,1.0000,1.0000,1.0000,1.0000,0.9750,0.9700,0.9700,0.9700,0.9660,0.9680,0.9710,0.9680,0.6350,0.6350,0.6350,0.6350,0.6350,0.6350,0.6350,0.6350,0.6330,0.6330,0.6330,0.6300,0.6280,0.6330,0.6330,0.6330,0.6330,0.6340,0.6310,0.6310,0.6310,0.6310,0.6310,0.6310,0.6310,0.6340,0.6340,0.6340,0.6340,0.6340,0.6350,0.6080,0.6080,0.6580,0.6580,0.6580,0.6580,0.6580,0.6570,0.6590,0.6590,0.6590,0.6470,0.6470,0.6470,0.3980,0.3780
86,86,,KM233053,KM233053v1.KM233053v1,G3724_2014,Ebola 2014,58,1.0000,1.0000,1.0000,1.0000,1.0000,0.9740,0.9700,0.9700,0.9700,0.9660,0.9680,0.9710,0.9680,0.6350,0.6350,0.6350,0.6350,0.6350,0.6350,0.6350,0.6350,0.6330,0.6330,0.6330,0.6300,0.6280,0.6330,0.6330,0.6340,0.6340,0.6340,0.6310,0.6310,0.6310,0.6310,0.6310,0.6310,0.6310,0.6340,0.6340,0.6350,0.6340,0.6340,0.6350,0.6070,0.6090,0.6580,0.6580,0.6580,0.6580,0.6580,0.6570,0.6590,0.6590,0.6590,0.6470,0.6470,0.6470,0.3970,0.3780
87,87,,KM233054,KM233054v1.KM233054v1,G3729_2014,Ebola 2014,58,1.0000,1.0000,1.0000,1.0000,1.0000,0.9740,0.9700,0.9700,0.9700,0.9660,0.9680,0.9710,0.9680,0.6350,0.6350,0.6350,0.6350,0.6350,0.6350,0.6350,0.6350,0.6330,0.6330,0.6330,0.6300,0.6280,0.6330,0.6330,0.6330,0.6330,0.6340,0.6310,0.6310,0.6310,0.6310,0.6310,0.6310,0.6310,0.6340,0.6340,0.6340,0.6340,0.6340,0.6350,0.6070,0.6080,0.6580,0.6580,0.6580,0.6570,0.6580,0.6570,0.6590,0.6590,0.6590,0.6470,0.6470,0.6470,0.3970,0.3780
88,88,,KM233055,KM233055v1.KM233055v1,G3734v1_2014,Ebola 2014,58,1.0000,1.0000,1.0000,1.0000,1.0000,0.9780,0.9700,0.9700,0.9700,0.9660,0.9680,0.9710,0.9680,0.6340,0.6340,0.6340,0.6340,0.6340,0.6340,0.6340,0.6340,0.6320,0.6320,0.6320,0.6290,0.6270,0.6320,0.6320,0.6330,0.6330,0.6330,0.6310,0.6310,0.6300,0.6300,0.6300,0.6300,0.6300,0.6340,0.6340,0.6340,0.6340,0.6340,0.6350,0.6090,0.6090,0.6570,0.6570,0.6570,0.6570,0.6580,0.6570,0.6590,0.6590,0.6590,0.6470,0.6470,0.6470,0.3990,0.3790
89,89,,KM233056,KM233056v1.KM233056v1,G3735v1_2014,Ebola 2014,58,1.0000,1.0000,1.0000,1.0000,1.0000,0.9740,0.9700,0.9700,0.9700,0.9660,0.9680,0.9710,0.9680,0.6350,0.6350,0.6350,0.6350,0.6350,0.6350,0.6350,0.6350,0.6330,0.6330,0.6330,0.6300,0.6280,0.6330,0.6330,0.6340,0.6340,0.6340,0.6310,0.6310,0.6310,0.6310,0.6310,0.6310,0.6310,0.6340,0.6340,0.6350,0.6340,0.6340,0.6350,0.6070,0.6090,0.6580,0.6580,0.6580,0.6580,0.6580,0.6570,0.6590,0.6590,0.6590,0.6470,0.6470,0.6470,0.3970,0.3780
90,90,,KM233057,KM233057v1.KM233057v1,G3735v2_2014,Ebola 2014,58,1.0000,1.0000,1.0000,1.0000,1.0000,0.9740,0.9700,0.9700,0.9700,0.9660,0.9680,0.9710,0.9680,0.6350,0.6350,0.6350,0.6350,0.6350,0.6350,0.6350,0.6350,0.6330,0.6330,0.6330,0.6300,0.6280,0.6330,0.6330,0.6340,0.6340,0.6340,0.6310,0.6310,0.6310,0.6310,0.6310,0.6310,0.6310,0.6340,0.6340,0.6350,0.6340,0.6340,0.6350,0.6070,0.6090,0.6580,0.6580,0.6580,0.6580,0.6580,0.6570,0.6590,0.6590,0.6590,0.6470,0.6470,0.6470,0.3970,0.3780
91,91,,KM233058,KM233058v1.KM233058v1,G3750v1_2014,Ebola 2014,58,1.0000,1.0000,1.0000,1.0000,1.0000,0.9790,0.9700,0.9700,0.9700,0.9660,0.9680,0.9710,0.9680,0.6340,0.6340,0.6340,0.6340,0.6340,0.6340,0.6340,0.6340,0.6320,0.6320,0.6320,0.6290,0.6270,0.6320,0.6320,0.6320,0.6320,0.6330,0.6300,0.6300,0.6300,0.6300,0.6300,0.6300,0.6300,0.6330,0.6330,0.6340,0.6330,0.6330,0.6340,0.6100,0.6100,0.6570,0.6570,0.6570,0.6570,0.6580,0.6560,0.6590,0.6590,0.6580,0.6460,0.6460,0.6460,0.3990,0.3800
92,92,,KM233059,KM233059v1.KM233059v1,G3750v2_2014,Ebola 2014,58,1.0000,1.0000,1.0000,1.0000,1.0000,0.9810,0.9700,0.9700,0.9700,0.9660,0.9680,0.9710,0.9680,0.6330,0.6330,0.6340,0.6340,0.6340,0.6340,0.6340,0.6340,0.6320,0.6320,0.6310,0.6290,0.6260,0.6320,0.6320,0.6320,0.6320,0.6330,0.6300,0.6300,0.6300,0.6300,0.6300,0.6300,0.6300,0.6330,0.6330,0.6330,0.6340,0.6340,0.6350,0.6110,0.6100,0.6570,0.6570,0.6570,0.6570,0.6580,0.6560,0.6580,0.6580,0.6580,0.6460,0.6460,0.6460,0.4010,0.3810
93,93,,KM233060,KM233060v1.KM233060v1,G3750v3_2014,Ebola 2014,58,1.0000,1.0000,1.0000,1.0000,1.0000,0.9830,0.9700,0.9700,0.9700,0.9660,0.9680,0.9710,0.9680,0.6340,0.6340,0.6340,0.6340,0.6340,0.6340,0.6340,0.6340,0.6320,0.6320,0.6320,0.6290,0.6270,0.6320,0.6320,0.6320,0.6320,0.6330,0.6300,0.6300,0.6300,0.6300,0.6300,0.6300,0.6300,0.6330,0.6330,0.6340,0.6340,0.6340,0.6350,0.6120,0.6120,0.6580,0.6580,0.6580,0.6580,0.6580,0.6570,0.6590,0.6590,0.6590,0.6460,0.6460,0.6460,0.4020,0.3830
94,94,,KM233061,KM233061v1.KM233061v1,G3752_2014,Ebola 2014,58,1.0000,1.0000,1.0000,1.0000,1.0000,0.9770,0.9700,0.9700,0.9700,0.9660,0.9680,0.9710,0.9680,0.6340,0.6340,0.6350,0.6350,0.6350,0.6350,0.6350,0.6350,0.6320,0.6320,0.6320,0.6290,0.6270,0.6320,0.6320,0.6330,0.6330,0.6340,0.6310,0.6310,0.6300,0.6300,0.6300,0.6300,0.6300,0.6340,0.6340,0.6340,0.6340,0.6340,0.6350,0.6090,0.6090,0.6580,0.6580,0.6570,0.6570,0.6580,0.6560,0.6590,0.6590,0.6590,0.6470,0.6470,0.6470,0.3990,0.3790
95,95,,KM233062,KM233062v1.KM233062v1,G3758_2014,Ebola 2014,58,1.0000,1.0000,1.0000,1.0000,1.0000,0.9750,0.9700,0.9700,0.9700,0.9660,0.9680,0.9710,0.9680,0.6350,0.6350,0.6350,0.6350,0.6350,0.6350,0.6350,0.6350,0.6330,0.6330,0.6330,0.6300,0.6280,0.6330,0.6330,0.6330,0.6330,0.6340,0.6310,0.6310,0.6310,0.6310,0.6310,0.6310,0.6310,0.6340,0.6340,0.6340,0.6340,0.6340,0.6350,0.6080,0.6080,0.6580,0.6580,0.6580,0.6570,0.6580,0.6570,0.6590,0.6590,0.6590,0.6470,0.6470,0.6470,0.3980,0.3780
96,96,,KM233063,KM233063v1.KM233063v1,G3764_2014,Ebola 2014,58,1.0000,1.0000,1.0000,1.0000,1.0000,0.9740,0.9700,0.9700,0.9700,0.9660,0.9680,0.9710,0.9680,0.6350,0.6350,0.6350,0.6350,0.6350,0.6350,0.6350,0.6350,0.6330,0.6330,0.6330,0.6300,0.6280,0.6330,0.6330,0.6340,0.6340,0.6340,0.6310,0.6310,0.6310,0.6310,0.6310,0.6310,0.6310,0.6340,0.6340,0.6350,0.6340,0.6340,0.6350,0.6070,0.6080,0.6580,0.6580,0.6580,0.6580,0.6580,0.6570,0.6590,0.6590,0.6590,0.6470,0.6470,0.6470,0.3970,0.3780
97,97,,KM233064,KM233064v1.KM233064v1,G3765v2_2014,Ebola 2014,58,1.0000,1.0000,1.0000,1.0000,1.0000,0.9790,0.9700,0.9700,0.9700,0.9660,0.9690,0.9710,0.9680,0.6340,0.6340,0.6340,0.6340,0.6340,0.6340,0.6340,0.6340,0.6320,0.6320,0.6320,0.6290,0.6270,0.6330,0.6330,0.6330,0.6330,0.6340,0.6310,0.6310,0.6300,0.6300,0.6300,0.6300,0.6300,0.6340,0.6340,0.6340,0.6340,0.6340,0.6350,0.6120,0.6110,0.6580,0.6580,0.6580,0.6580,0.6580,0.6570,0.6590,0.6590,0.6590,0.6470,0.6470,0.6470,0.4000,0.3810
98,98,,KM233065,KM233065v1.KM233065v1,G3769v1_2014,Ebola 2014,58,1.0000,1.0000,1.0000,1.0000,1.0000,0.9750,0.9700,0.9700,0.9700,0.9660,0.9680,0.9710,0.9680,0.6350,0.6350,0.6350,0.6350,0.6350,0.6350,0.6350,0.6350,0.6330,0.6330,0.6320,0.6300,0.6280,0.6330,0.6330,0.6330,0.6330,0.6340,0.6310,0.6310,0.6310,0.6310,0.6310,0.6310,0.6300,0.6340,0.6340,0.6340,0.6340,0.6340,0.6350,0.6080,0.6080,0.6580,0.6580,0.6580,0.6570,0.6580,0.6570,0.6590,0.6590,0.6590,0.6470,0.6470,0.6470,0.3980,0.3780
99,99,,KM233066,KM233066v1.KM233066v1,G3769v2_2014,Ebola 2014,58,1.0000,1.0000,1.0000,1.0000,1.0000,0.9780,0.9700,0.9700,0.9700,0.9660,0.9680,0.9710,0.9680,0.6340,0.6340,0.6340,0.6340,0.6340,0.6340,0.6340,0.6340,0.6320,0.6320,0.6320,0.6290,0.6270,0.6320,0.6320,0.6330,0.6330,0.6330,0.6310,0.6310,0.6300,0.6300,0.6300,0.6300,0.6300,0.6330,0.6330,0.6340,0.6340,0.6340,0.6350,0.6090,0.6090,0.6580,0.6580,0.6570,0.6570,0.6580,0.6570,0.6590,0.6590,0.6590,0.6470,0.6470,0.6470,0.3990,0.3790
100,100,,KM233067,KM233067v1.KM233067v1,G3769v3_2014,Ebola 2014,58,1.0000,1.0000,1.0000,1.0000,1.0000,0.9760,0.9700,0.9700,0.9700,0.9660,0.9680,0.9710,0.9680,0.6340,0.6340,0.6350,0.6350,0.6350,0.6350,0.6350,0.6350,0.6330,0.6330,0.6320,0.6300,0.6270,0.6320,0.6320,0.6330,0.6330,0.6330,0.6310,0.6310,0.6300,0.6300,0.6300,0.6300,0.6300,0.6340,0.6340,0.6340,0.6340,0.6340,0.6350,0.6080,0.6080,0.6580,0.6580,0.6570,0.6570,0.6580,0.6570,0.6590,0.6590,0.6590,0.6470,0.6470,0.6470,0.3980,0.3780
101,101,,KM233068,KM233068v1.KM233068v1,G3769v4_2014,Ebola 2014,58,1.0000,1.0000,1.0000,1.0000,1.0000,0.9750,0.9700,0.9700,0.9700,0.9660,0.9680,0.9710,0.9680,0.6350,0.6350,0.6350,0.6350,0.6350,0.6350,0.6350,0.6350,0.6330,0.6330,0.6320,0.6300,0.6280,0.6330,0.6330,0.6330,0.6330,0.6340,0.6310,0.6310,0.6310,0.6310,0.6310,0.6310,0.6300,0.6340,0.6340,0.6340,0.6340,0.6340,0.6350,0.6080,0.6080,0.6580,0.6580,0.6580,0.6570,0.6580,0.6570,0.6590,0.6590,0.6590,0.6470,0.6470,0.6470,0.3980,0.3780
102,102,,KM233069,KM233069v1.KM233069v1,G3770v1_2014,Ebola 2014,58,1.0000,1.0000,1.0000,1.0000,1.0000,0.9740,0.9700,0.9700,0.9700,0.9660,0.9680,0.9710,0.9680,0.6350,0.6350,0.6350,0.6350,0.6350,0.6350,0.6350,0.6350,0.6330,0.6330,0.6330,0.6300,0.6280,0.6330,0.6330,0.6340,0.6340,0.6340,0.6310,0.6310,0.6310,0.6310,0.6310,0.6310,0.6310,0.6340,0.6340,0.6350,0.6340,0.6340,0.6350,0.6070,0.6090,0.6580,0.6580,0.6580,0.6580,0.6580,0.6570,0.6590,0.6590,0.6590,0.6470,0.6470,0.6470,0.3970,0.3780
103,103,,KM233070,KM233070v1.KM233070v1,G3770v2_2014,Ebola 2014,58,1.0000,1.0000,1.0000,1.0000,1.0000,0.9740,0.9700,0.9700,0.9700,0.9660,0.9670,0.9710,0.9680,0.6350,0.6350,0.6350,0.6350,0.6350,0.6350,0.6350,0.6350,0.6330,0.6330,0.6330,0.6300,0.6280,0.6330,0.6330,0.6340,0.6340,0.6340,0.6310,0.6310,0.6310,0.6310,0.6310,0.6310,0.6310,0.6340,0.6340,0.6350,0.6340,0.6340,0.6350,0.6070,0.6080,0.6580,0.6580,0.6580,0.6580,0.6580,0.6570,0.6590,0.6590,0.6590,0.6470,0.6470,0.6470,0.3970,0.3770
104,104,,KM233071,KM233071v1.KM233071v1,G3771_2014,Ebola 2014,58,1.0000,1.0000,1.0000,1.0000,1.0000,0.9770,0.9700,0.9700,0.9700,0.9660,0.9680,0.9710,0.9680,0.6340,0.6340,0.6350,0.6350,0.6350,0.6350,0.6350,0.6350,0.6320,0.6320,0.6320,0.6290,0.6270,0.6320,0.6320,0.6330,0.6330,0.6330,0.6310,0.6310,0.6300,0.6300,0.6300,0.6300,0.6300,0.6340,0.6340,0.6340,0.6340,0.6340,0.6350,0.6080,0.6080,0.6580,0.6580,0.6570,0.6570,0.6580,0.6560,0.6590,0.6590,0.6590,0.6470,0.6470,0.6470,0.3980,0.3790
105,105,,KM233072,KM233072v1.KM233072v1,G3782_2014,Ebola 2014,58,1.0000,1.0000,1.0000,1.0000,1.0000,0.9740,0.9700,0.9700,0.9700,0.9660,0.9680,0.9720,0.9680,0.6350,0.6350,0.6350,0.6350,0.6350,0.6350,0.6350,0.6350,0.6330,0.6330,0.6330,0.6300,0.6280,0.6330,0.6330,0.6330,0.6330,0.6340,0.6310,0.6310,0.6310,0.6310,0.6310,0.6310,0.6310,0.6340,0.6340,0.6350,0.6340,0.6340,0.6350,0.6070,0.6090,0.6580,0.6580,0.6580,0.6580,0.6580,0.6570,0.6590,0.6590,0.6590,0.6470,0.6470,0.6470,0.3970,0.3780
106,106,,KM233073,KM233073v1.KM233073v1,G3786_2014,Ebola 2014,58,1.0000,1.0000,1.0000,1.0000,1.0000,0.9760,0.9700,0.9700,0.9700,0.9660,0.9680,0.9710,0.9680,0.6340,0.6340,0.6350,0.6350,0.6350,0.6350,0.6350,0.6350,0.6330,0.6330,0.6320,0.6300,0.6270,0.6330,0.6330,0.6330,0.6330,0.6340,0.6310,0.6310,0.6300,0.6300,0.6300,0.6300,0.6300,0.6340,0.6340,0.6340,0.6340,0.6340,0.6350,0.6080,0.6080,0.6580,0.6580,0.6570,0.6570,0.6580,0.6570,0.6590,0.6590,0.6590,0.6470,0.6470,0.6470,0.3980,0.3780
107,107,,KM233074,KM233074v1.KM233074v1,G3787_2014,Ebola 2014,58,1.0000,1.0000,1.0000,1.0000,1.0000,0.9770,0.9700,0.9700,0.9700,0.9660,0.9680,0.9710,0.9680,0.6340,0.6340,0.6350,0.6350,0.6350,0.6350,0.6350,0.6350,0.6320,0.6320,0.6320,0.6290,0.6270,0.6320,0.6320,0.6330,0.6330,0.6340,0.6310,0.6310,0.6300,0.6300,0.6300,0.6300,0.6300,0.6340,0.6340,0.6340,0.6340,0.6340,0.6350,0.6090,0.6090,0.6580,0.6580,0.6570,0.6570,0.6580,0.6570,0.6590,0.6590,0.6590,0.6470,0.6470,0.6470,0.3990,0.3790
108,108,,KM233075,KM233075v1.KM233075v1,G3788_2014,Ebola 2014,58,1.0000,1.0000,1.0000,1.0000,1.0000,0.9750,0.9700,0.9700,0.9700,0.9660,0.9680,0.9710,0.9680,0.6350,0.6350,0.6350,0.6350,0.6350,0.6350,0.6350,0.6350,0.6330,0.6330,0.6330,0.6300,0.6280,0.6330,0.6330,0.6330,0.6330,0.6340,0.6310,0.6310,0.6310,0.6310,0.6310,0.6310,0.6310,0.6340,0.6340,0.6340,0.6340,0.6340,0.6350,0.6080,0.6080,0.6580,0.6580,0.6570,0.6570,0.6580,0.6570,0.6590,0.6590,0.6590,0.6470,0.6470,0.6470,0.3980,0.3780
109,109,,KM233076,KM233076v1.KM233076v1,G3789v1_2014,Ebola 2014,58,1.0000,1.0000,1.0000,1.0000,1.0000,0.9800,0.9700,0.9700,0.9700,0.9660,0.9690,0.9710,0.9680,0.6340,0.6340,0.6340,0.6340,0.6340,0.6340,0.6340,0.6340,0.6320,0.6320,0.6320,0.6290,0.6270,0.6320,0.6320,0.6330,0.6330,0.6330,0.6310,0.6310,0.6300,0.6300,0.6300,0.6300,0.6300,0.6340,0.6340,0.6340,0.6340,0.6340,0.6350,0.6110,0.6110,0.6580,0.6580,0.6580,0.6570,0.6580,0.6570,0.6590,0.6590,0.6590,0.6470,0.6470,0.6470,0.4000,0.3800
110,110,,KM233077,KM233077v1.KM233077v1,G3795_2014,Ebola 2014,58,1.0000,1.0000,1.0000,1.0000,1.0000,0.9770,0.9700,0.9700,0.9700,0.9660,0.9680,0.9710,0.9680,0.6340,0.6340,0.6350,0.6350,0.6350,0.6350,0.6350,0.6350,0.6320,0.6320,0.6320,0.6300,0.6270,0.6320,0.6320,0.6330,0.6330,0.6340,0.6310,0.6310,0.6310,0.6310,0.6310,0.6310,0.6300,0.6340,0.6340,0.6340,0.6340,0.6340,0.6350,0.6090,0.6100,0.6580,0.6580,0.6570,0.6570,0.6580,0.6570,0.6590,0.6590,0.6590,0.6470,0.6470,0.6470,0.3980,0.3790
111,111,,KM233078,KM233078v1.KM233078v1,G3796_2014,Ebola 2014,58,1.0000,1.0000,1.0000,1.0000,1.0000,0.9760,0.9700,0.9700,0.9700,0.9660,0.9680,0.9710,0.9680,0.6340,0.6340,0.6350,0.6350,0.6350,0.6350,0.6350,0.6350,0.6330,0.6330,0.6320,0.6300,0.6270,0.6330,0.6330,0.6330,0.6330,0.6340,0.6310,0.6310,0.6300,0.6300,0.6300,0.6300,0.6300,0.6340,0.6340,0.6340,0.6340,0.6340,0.6350,0.6080,0.6080,0.6580,0.6580,0.6570,0.6570,0.6580,0.6570,0.6590,0.6590,0.6590,0.6470,0.6470,0.6470,0.3980,0.3780
112,112,,KM233079,KM233079v1.KM233079v1,G3798_2014,Ebola 2014,58,1.0000,1.0000,1.0000,1.0000,1.0000,0.9780,0.9700,0.9700,0.9700,0.9660,0.9680,0.9710,0.9680,0.6340,0.6340,0.6340,0.6340,0.6340,0.6340,0.6340,0.6340,0.6320,0.6320,0.6320,0.6290,0.6270,0.6320,0.6320,0.6330,0.6330,0.6330,0.6310,0.6310,0.6300,0.6300,0.6300,0.6300,0.6300,0.6330,0.6330,0.6340,0.6340,0.6340,0.6350,0.6090,0.6090,0.6570,0.6570,0.6570,0.6570,0.6580,0.6560,0.6590,0.6590,0.6590,0.6470,0.6470,0.6470,0.3990,0.3790
113,113,,KM233080,KM233080v1.KM233080v1,G3799_2014,Ebola 2014,58,1.0000,1.0000,1.0000,1.0000,1.0000,0.9740,0.9700,0.9700,0.9700,0.9660,0.9680,0.9710,0.9680,0.6350,0.6350,0.6350,0.6350,0.6350,0.6350,0.6350,0.6350,0.6330,0.6330,0.6330,0.6300,0.6280,0.6330,0.6330,0.6330,0.6330,0.6340,0.6310,0.6310,0.6310,0.6310,0.6310,0.6310,0.6310,0.6340,0.6340,0.6340,0.6340,0.6340,0.6350,0.6070,0.6080,0.6580,0.6580,0.6580,0.6580,0.6580,0.6570,0.6590,0.6590,0.6590,0.6470,0.6470,0.6470,0.3970,0.3780
114,114,,KM233081,KM233081v1.KM233081v1,G3800_2014,Ebola 2014,58,1.0000,1.0000,1.0000,1.0000,1.0000,0.9750,0.9700,0.9700,0.9700,0.9660,0.9680,0.9710,0.9680,0.6350,0.6350,0.6350,0.6350,0.6350,0.6350,0.6350,0.6350,0.6330,0.6330,0.6330,0.6300,0.6280,0.6330,0.6330,0.6330,0.6330,0.6340,0.6310,0.6310,0.6310,0.6310,0.6310,0.6310,0.6310,0.6340,0.6340,0.6340,0.6340,0.6340,0.6350,0.6080,0.6080,0.6580,0.6580,0.6570,0.6570,0.6580,0.6570,0.6590,0.6590,0.6590,0.6470,0.6470,0.6470,0.3980,0.3780
115,115,,KM233082,KM233082v1.KM233082v1,G3805v1_2014,Ebola 2014,58,1.0000,1.0000,1.0000,1.0000,1.0000,0.9810,0.9700,0.9700,0.9700,0.9660,0.9680,0.9710,0.9680,0.6330,0.6330,0.6340,0.6340,0.6340,0.6340,0.6340,0.6340,0.6320,0.6320,0.6310,0.6290,0.6260,0.6320,0.6320,0.6320,0.6320,0.6330,0.6300,0.6300,0.6300,0.6300,0.6300,0.6300,0.6300,0.6330,0.6330,0.6330,0.6330,0.6330,0.6340,0.6100,0.6100,0.6570,0.6570,0.6570,0.6570,0.6570,0.6560,0.6580,0.6580,0.6580,0.6460,0.6460,0.6460,0.4000,0.3800
116,116,,KM233083,KM233083v1.KM233083v1,G3805v2_2014,Ebola 2014,58,1.0000,1.0000,1.0000,1.0000,1.0000,0.9830,0.9700,0.9700,0.9700,0.9660,0.9680,0.9710,0.9680,0.6340,0.6340,0.6340,0.6340,0.6340,0.6340,0.6340,0.6340,0.6320,0.6320,0.6320,0.6290,0.6270,0.6320,0.6320,0.6320,0.6320,0.6330,0.6300,0.6300,0.6300,0.6300,0.6300,0.6300,0.6300,0.6330,0.6330,0.6330,0.6330,0.6330,0.6340,0.6100,0.6100,0.6570,0.6570,0.6570,0.6570,0.6580,0.6560,0.6590,0.6590,0.6580,0.6460,0.6460,0.6460,0.4010,0.3810
117,117,,KM233084,KM233084v1.KM233084v1,G3807_2014,Ebola 2014,58,1.0000,1.0000,1.0000,1.0000,1.0000,0.9760,0.9700,0.9700,0.9700,0.9660,0.9680,0.9710,0.9680,0.6350,0.6350,0.6350,0.6350,0.6350,0.6350,0.6350,0.6350,0.6330,0.6330,0.6330,0.6300,0.6280,0.6330,0.6330,0.6330,0.6330,0.6340,0.6310,0.6310,0.6310,0.6310,0.6310,0.6310,0.6310,0.6340,0.6340,0.6340,0.6340,0.6340,0.6350,0.6080,0.6080,0.6580,0.6580,0.6580,0.6570,0.6580,0.6570,0.6590,0.6590,0.6590,0.6470,0.6470,0.6470,0.3980,0.3780
118,118,,KM233085,KM233085v1.KM233085v1,G3808_2014,Ebola 2014,58,1.0000,1.0000,1.0000,1.0000,1.0000,0.9780,0.9700,0.9700,0.9700,0.9660,0.9680,0.9710,0.9680,0.6340,0.6340,0.6340,0.6340,0.6340,0.6350,0.6340,0.6340,0.6320,0.6320,0.6320,0.6290,0.6270,0.6320,0.6320,0.6330,0.6330,0.6330,0.6310,0.6310,0.6300,0.6300,0.6300,0.6300,0.6300,0.6340,0.6340,0.6340,0.6340,0.6340,0.6350,0.6090,0.6090,0.6580,0.6580,0.6570,0.6570,0.6580,0.6570,0.6590,0.6590,0.6590,0.6470,0.6470,0.6470,0.3990,0.3790
119,119,,KM233086,KM233086v1.KM233086v1,G3809_2014,Ebola 2014,58,1.0000,1.0000,1.0000,1.0000,1.0000,0.9800,0.9700,0.9700,0.9700,0.9660,0.9680,0.9710,0.9680,0.6340,0.6340,0.6340,0.6340,0.6340,0.6340,0.6340,0.6340,0.6320,0.6320,0.6320,0.6290,0.6270,0.6320,0.6320,0.6320,0.6320,0.6330,0.6300,0.6300,0.6300,0.6300,0.6300,0.6300,0.6300,0.6330,0.6330,0.6340,0.6340,0.6340,0.6350,0.6110,0.6100,0.6570,0.6570,0.6570,0.6570,0.6580,0.6560,0.6590,0.6590,0.6590,0.6470,0.6470,0.6470,0.4000,0.3800
120,120,,KM233087,KM233087v1.KM233087v1,G3810v1_2014,Ebola 2014,58,1.0000,1.0000,1.0000,1.0000,1.0000,0.9790,0.9700,0.9700,0.9700,0.9660,0.9680,0.9710,0.9680,0.6340,0.6340,0.6340,0.6340,0.6340,0.6340,0.6340,0.6340,0.6320,0.6320,0.6320,0.6290,0.6270,0.6320,0.6320,0.6320,0.6320,0.6330,0.6300,0.6300,0.6300,0.6300,0.6300,0.6300,0.6300,0.6330,0.6330,0.6340,0.6330,0.6330,0.6340,0.6100,0.6090,0.6570,0.6570,0.6570,0.6570,0.6580,0.6560,0.6590,0.6590,0.6590,0.6460,0.6460,0.6460,0.3990,0.3800
121,121,,KM233088,KM233088v1.KM233088v1,G3810v2_2014,Ebola 2014,58,1.0000,1.0000,1.0000,1.0000,1.0000,0.9760,0.9700,0.9700,0.9700,0.9660,0.9680,0.9710,0.9680,0.6350,0.6350,0.6350,0.6350,0.6350,0.6350,0.6350,0.6350,0.6330,0.6330,0.6330,0.6300,0.6280,0.6330,0.6330,0.6330,0.6330,0.6340,0.6310,0.6310,0.6310,0.6310,0.6310,0.6310,0.6310,0.6340,0.6340,0.6340,0.6340,0.6340,0.6350,0.6080,0.6080,0.6580,0.6580,0.6580,0.6570,0.6580,0.6570,0.6590,0.6590,0.6590,0.6470,0.6470,0.6470,0.3980,0.3780
122,122,,KM233089,KM233089v1.KM233089v1,G3814_2014,Ebola 2014,58,1.0000,1.0000,1.0000,1.0000,1.0000,0.9760,0.9700,0.9700,0.9700,0.9660,0.9680,0.9710,0.9680,0.6350,0.6350,0.6350,0.6350,0.6350,0.6350,0.6350,0.6350,0.6330,0.6330,0.6330,0.6300,0.6280,0.6330,0.6330,0.6330,0.6330,0.6340,0.6310,0.6310,0.6310,0.6310,0.6310,0.6310,0.6310,0.6340,0.6340,0.6340,0.6340,0.6340,0.6350,0.6080,0.6100,0.6580,0.6580,0.6580,0.6580,0.6580,0.6570,0.6590,0.6590,0.6590,0.6470,0.6470,0.6470,0.3980,0.3780
123,123,,KM233090,KM233090v1.KM233090v1,G3816_2014,Ebola 2014,58,1.0000,1.0000,1.0000,1.0000,1.0000,0.9820,0.9700,0.9700,0.9700,0.9660,0.9680,0.9710,0.9680,0.6340,0.6340,0.6340,0.6340,0.6340,0.6340,0.6340,0.6340,0.6320,0.6320,0.6320,0.6290,0.6270,0.6320,0.6320,0.6320,0.6320,0.6330,0.6300,0.6300,0.6300,0.6300,0.6300,0.6300,0.6300,0.6330,0.6330,0.6330,0.6330,0.6330,0.6340,0.6090,0.6090,0.6570,0.6570,0.6570,0.6570,0.6580,0.6560,0.6590,0.6590,0.6590,0.6460,0.6460,0.6460,0.4010,0.3810
124,124,,KM233091,KM233091v1.KM233091v1,G3817_2014,Ebola 2014,58,1.0000,1.0000,1.0000,1.0000,1.0000,0.9770,0.9700,0.9700,0.9700,0.9660,0.9680,0.9710,0.9680,0.6340,0.6340,0.6350,0.6350,0.6350,0.6350,0.6350,0.6350,0.6330,0.6330,0.6320,0.6300,0.6270,0.6320,0.6320,0.6330,0.6330,0.6340,0.6310,0.6310,0.6300,0.6300,0.6300,0.6300,0.6300,0.6340,0.6340,0.6340,0.6340,0.6340,0.6350,0.6090,0.6090,0.6580,0.6580,0.6570,0.6570,0.6580,0.6560,0.6590,0.6590,0.6590,0.6470,0.6470,0.6470,0.3990,0.3790
125,125,,KM233092,KM233092v1.KM233092v1,G3818_2014,Ebola 2014,58,1.0000,1.0000,1.0000,1.0000,1.0000,0.9740,0.9700,0.9700,0.9700,0.9660,0.9680,0.9710,0.9680,0.6350,0.6350,0.6350,0.6350,0.6350,0.6350,0.6350,0.6350,0.6330,0.6330,0.6330,0.6300,0.6280,0.6330,0.6330,0.6330,0.6330,0.6340,0.6310,0.6310,0.6310,0.6310,0.6310,0.6310,0.6310,0.6340,0.6340,0.6340,0.6340,0.6340,0.6350,0.6070,0.6080,0.6580,0.6580,0.6580,0.6580,0.6580,0.6570,0.6590,0.6590,0.6590,0.6470,0.6470,0.6470,0.3970,0.3780
126,126,,KM233093,KM233093v1.KM233093v1,G3819_2014,Ebola 2014,58,1.0000,1.0000,1.0000,1.0000,1.0000,0.9780,0.9700,0.9700,0.9700,0.9660,0.9680,0.9710,0.9680,0.6340,0.6340,0.6340,0.6340,0.6340,0.6340,0.6340,0.6340,0.6320,0.6320,0.6320,0.6290,0.6270,0.6320,0.6320,0.6330,0.6330,0.6330,0.6310,0.6310,0.6300,0.6300,0.6300,0.6300,0.6300,0.6330,0.6330,0.6340,0.6330,0.6330,0.6350,0.6090,0.6100,0.6570,0.6570,0.6570,0.6570,0.6580,0.6560,0.6590,0.6590,0.6580,0.6470,0.6470,0.6470,0.3990,0.3790
127,127,,KM233094,KM233094v1.KM233094v1,G3820_2014,Ebola 2014,58,1.0000,1.0000,1.0000,1.0000,1.0000,0.9750,0.9700,0.9700,0.9700,0.9660,0.9680,0.9710,0.9680,0.6350,0.6350,0.6350,0.6350,0.6350,0.6350,0.6350,0.6350,0.6330,0.6330,0.6330,0.6300,0.6280,0.6330,0.6330,0.6330,0.6330,0.6340,0.6310,0.6310,0.6310,0.6310,0.6310,0.6310,0.6310,0.6340,0.6340,0.6340,0.6340,0.6340,0.6350,0.6080,0.6080,0.6580,0.6580,0.6570,0.6570,0.6580,0.6570,0.6590,0.6590,0.6590,0.6470,0.6470,0.6470,0.3980,0.3780
128,128,,KM233095,KM233095v1.KM233095v1,G3821_2014,Ebola 2014,58,1.0000,1.0000,1.0000,1.0000,1.0000,0.9790,0.9700,0.9700,0.9700,0.9660,0.9680,0.9710,0.9680,0.6340,0.6340,0.6340,0.6340,0.6340,0.6340,0.6340,0.6340,0.6320,0.6320,0.6320,0.6290,0.6270,0.6320,0.6320,0.6320,0.6320,0.6330,0.6300,0.6300,0.6300,0.6300,0.6300,0.6300,0.6300,0.6330,0.6330,0.6340,0.6330,0.6330,0.6340,0.6100,0.6090,0.6570,0.6570,0.6570,0.6570,0.6580,0.6560,0.6590,0.6590,0.6590,0.6470,0.6470,0.6470,0.3990,0.3790
129,129,,KM233096,KM233096v1.KM233096v1,G3822_2014,Ebola 2014,58,1.0000,1.0000,1.0000,1.0000,1.0000,0.9740,0.9700,0.9700,0.9700,0.9660,0.9680,0.9710,0.9680,0.6350,0.6350,0.6350,0.6350,0.6350,0.6350,0.6350,0.6350,0.6330,0.6330,0.6330,0.6300,0.6280,0.6330,0.6330,0.6340,0.6340,0.6340,0.6310,0.6310,0.6310,0.6310,0.6310,0.6310,0.6310,0.6340,0.6340,0.6350,0.6340,0.6340,0.6350,0.6070,0.6090,0.6580,0.6580,0.6580,0.6580,0.6580,0.6570,0.6590,0.6590,0.6590,0.6470,0.6470,0.6470,0.3970,0.3780
130,130,,KM233097,KM233097v1.KM233097v1,G3823_2014,Ebola 2014,58,1.0000,1.0000,1.0000,1.0000,1.0000,0.9740,0.9700,0.9700,0.9700,0.9660,0.9680,0.9710,0.9680,0.6350,0.6350,0.6350,0.6350,0.6350,0.6350,0.6350,0.6350,0.6330,0.6330,0.6330,0.6300,0.6280,0.6330,0.6330,0.6340,0.6330,0.6340,0.6310,0.6310,0.6310,0.6310,0.6310,0.6310,0.6310,0.6340,0.6340,0.6350,0.6340,0.6340,0.6350,0.6070,0.6090,0.6580,0.6580,0.6580,0.6580,0.6580,0.6570,0.6590,0.6590,0.6590,0.6470,0.6470,0.6470,0.3970,0.3780
131,131,,KM233098,KM233098v1.KM233098v1,G3825v1_2014,Ebola 2014,58,1.0000,1.0000,1.0000,1.0000,1.0000,0.9740,0.9700,0.9700,0.9700,0.9660,0.9680,0.9710,0.9680,0.6350,0.6350,0.6350,0.6350,0.6350,0.6350,0.6350,0.6350,0.6330,0.6330,0.6330,0.6300,0.6280,0.6330,0.6330,0.6330,0.6330,0.6340,0.6310,0.6310,0.6310,0.6310,0.6310,0.6310,0.6310,0.6340,0.6340,0.6350,0.6340,0.6340,0.6350,0.6070,0.6080,0.6580,0.6580,0.6580,0.6580,0.6580,0.6570,0.6590,0.6590,0.6590,0.6470,0.6470,0.6470,0.3970,0.3780
132,132,,KM233099,KM233099v1.KM233099v1,G3825v2_2014,Ebola 2014,58,1.0000,1.0000,1.0000,1.0000,1.0000,0.9740,0.9700,0.9700,0.9700,0.9660,0.9680,0.9710,0.9680,0.6350,0.6350,0.6350,0.6350,0.6350,0.6350,0.6350,0.6350,0.6330,0.6330,0.6330,0.6300,0.6280,0.6330,0.6330,0.6330,0.6330,0.6340,0.6310,0.6310,0.6310,0.6310,0.6310,0.6310,0.6310,0.6340,0.6340,0.6350,0.6340,0.6340,0.6350,0.6070,0.6080,0.6580,0.6580,0.6580,0.6580,0.6580,0.6570,0.6590,0.6590,0.6590,0.6470,0.6470,0.6470,0.3970,0.3780
133,133,,KM233100,KM233100v1.KM233100v1,G3826_2014,Ebola 2014,58,1.0000,1.0000,1.0000,1.0000,1.0000,0.9750,0.9700,0.9700,0.9700,0.9660,0.9680,0.9710,0.9680,0.6350,0.6350,0.6350,0.6350,0.6350,0.6350,0.6350,0.6350,0.6330,0.6330,0.6330,0.6300,0.6280,0.6330,0.6330,0.6330,0.6330,0.6340,0.6310,0.6310,0.6310,0.6310,0.6310,0.6310,0.6310,0.6340,0.6340,0.6340,0.6340,0.6340,0.6350,0.6080,0.6080,0.6580,0.6580,0.6580,0.6570,0.6580,0.6570,0.6590,0.6590,0.6590,0.6470,0.6470,0.6470,0.3980,0.3780
134,134,,KM233101,KM233101v1.KM233101v1,G3827_2014,Ebola 2014,58,1.0000,1.0000,1.0000,1.0000,1.0000,0.9780,0.9700,0.9700,0.9700,0.9660,0.9680,0.9710,0.9680,0.6340,0.6340,0.6340,0.6340,0.6340,0.6340,0.6340,0.6340,0.6320,0.6320,0.6320,0.6290,0.6270,0.6320,0.6320,0.6330,0.6330,0.6330,0.6310,0.6310,0.6300,0.6300,0.6300,0.6300,0.6300,0.6340,0.6340,0.6340,0.6340,0.6340,0.6350,0.6090,0.6090,0.6580,0.6580,0.6570,0.6570,0.6580,0.6560,0.6590,0.6590,0.6590,0.6470,0.6470,0.6470,0.3990,0.3790
135,135,,KM233102,KM233102v1.KM233102v1,G3829_2014,Ebola 2014,58,1.0000,1.0000,1.0000,1.0000,1.0000,0.9740,0.9700,0.9700,0.9700,0.9660,0.9680,0.9710,0.9680,0.6350,0.6350,0.6350,0.6350,0.6350,0.6350,0.6350,0.6350,0.6330,0.6330,0.6330,0.6300,0.6280,0.6330,0.6330,0.6330,0.6330,0.6340,0.6310,0.6310,0.6310,0.6310,0.6310,0.6310,0.6310,0.6340,0.6340,0.6340,0.6340,0.6340,0.6350,0.6070,0.6080,0.6580,0.6580,0.6580,0.6570,0.6580,0.6570,0.6590,0.6590,0.6590,0.6470,0.6470,0.6470,0.3970,0.3780
136,136,,KM233103,KM233103v1.KM233103v1,G3831_2014,Ebola 2014,58,1.0000,1.0000,1.0000,1.0000,1.0000,0.9740,0.9700,0.9700,0.9700,0.9660,0.9680,0.9710,0.9680,0.6350,0.6350,0.6350,0.6350,0.6350,0.6350,0.6350,0.6350,0.6330,0.6330,0.6330,0.6300,0.6280,0.6330,0.6330,0.6330,0.6330,0.6340,0.6310,0.6310,0.6310,0.6310,0.6310,0.6310,0.6310,0.6340,0.6340,0.6350,0.6340,0.6340,0.6350,0.6070,0.6090,0.6580,0.6580,0.6580,0.6580,0.6580,0.6570,0.6590,0.6590,0.6590,0.6470,0.6470,0.6470,0.3970,0.3780
137,137,,KM233104,KM233104v1.KM233104v1,G3834_2014,Ebola 2014,58,1.0000,1.0000,1.0000,1.0000,1.0000,0.9760,0.9700,0.9700,0.9700,0.9660,0.9680,0.9710,0.9680,0.6350,0.6350,0.6350,0.6350,0.6350,0.6350,0.6350,0.6350,0.6330,0.6330,0.6330,0.6300,0.6280,0.6330,0.6330,0.6330,0.6330,0.6340,0.6310,0.6310,0.6310,0.6310,0.6310,0.6310,0.6310,0.6340,0.6340,0.6340,0.6340,0.6340,0.6350,0.6080,0.6100,0.6580,0.6580,0.6580,0.6580,0.6580,0.6570,0.6590,0.6590,0.6590,0.6470,0.6470,0.6470,0.3980,0.3780
138,138,,KM233105,KM233105v1.KM233105v1,G3838_2014,Ebola 2014,58,1.0000,1.0000,1.0000,1.0000,1.0000,0.9760,0.9700,0.9700,0.9700,0.9660,0.9680,0.9710,0.9680,0.6340,0.6340,0.6350,0.6350,0.6350,0.6350,0.6350,0.6350,0.6330,0.6330,0.6320,0.6300,0.6270,0.6330,0.6330,0.6330,0.6330,0.6340,0.6310,0.6310,0.6300,0.6300,0.6300,0.6300,0.6300,0.6340,0.6340,0.6340,0.6340,0.6340,0.6350,0.6080,0.6080,0.6580,0.6580,0.6570,0.6570,0.6580,0.6570,0.6590,0.6590,0.6590,0.6470,0.6470,0.6470,0.3980,0.3780
139,139,,KM233106,KM233106v1.KM233106v1,G3840_2014,Ebola 2014,58,1.0000,1.0000,1.0000,1.0000,1.0000,0.9740,0.9700,0.9700,0.9700,0.9660,0.9680,0.9710,0.9680,0.6350,0.6350,0.6350,0.6350,0.6350,0.6350,0.6350,0.6350,0.6330,0.6330,0.6330,0.6300,0.6280,0.6330,0.6330,0.6330,0.6330,0.6340,0.6310,0.6310,0.6310,0.6310,0.6310,0.6310,0.6310,0.6340,0.6340,0.6340,0.6340,0.6340,0.6350,0.6070,0.6080,0.6580,0.6580,0.6580,0.6580,0.6580,0.6570,0.6590,0.6590,0.6590,0.6470,0.6470,0.6470,0.3970,0.3780
140,140,,KM233107,KM233107v1.KM233107v1,G3841_2014,Ebola 2014,58,1.0000,1.0000,1.0000,1.0000,1.0000,0.9780,0.9700,0.9700,0.9700,0.9660,0.9680,0.9710,0.9680,0.6340,0.6340,0.6340,0.6340,0.6340,0.6340,0.6340,0.6340,0.6320,0.6320,0.6320,0.6290,0.6270,0.6320,0.6320,0.6330,0.6330,0.6330,0.6310,0.6310,0.6300,0.6300,0.6300,0.6300,0.6300,0.6340,0.6340,0.6340,0.6340,0.6340,0.6350,0.6090,0.6090,0.6570,0.6570,0.6570,0.6570,0.6580,0.6560,0.6590,0.6590,0.6590,0.6470,0.6470,0.6470,0.3990,0.3790
141,141,,KM233108,KM233108v1.KM233108v1,G3845_2014,Ebola 2014,58,1.0000,1.0000,1.0000,1.0000,1.0000,0.9760,0.9700,0.9700,0.9700,0.9660,0.9680,0.9710,0.9680,0.6340,0.6340,0.6350,0.6350,0.6350,0.6350,0.6350,0.6350,0.6330,0.6330,0.6320,0.6300,0.6270,0.6330,0.6330,0.6330,0.6330,0.6340,0.6310,0.6310,0.6300,0.6300,0.6300,0.6300,0.6300,0.6340,0.6340,0.6340,0.6340,0.6340,0.6350,0.6080,0.6080,0.6580,0.6580,0.6570,0.6570,0.6580,0.6570,0.6590,0.6590,0.6590,0.6470,0.6470,0.6470,0.3980,0.3780
142,142,,KM233109,KM233109v1.KM233109v1,G3846_2014,Ebola 2014,58,1.0000,1.0000,1.0000,1.0000,1.0000,0.9740,0.9700,0.9700,0.9700,0.9660,0.9680,0.9710,0.9680,0.6350,0.6350,0.6350,0.6350,0.6350,0.6350,0.6350,0.6350,0.6330,0.6330,0.6330,0.6300,0.6280,0.6330,0.6330,0.6340,0.6340,0.6340,0.6310,0.6310,0.6310,0.6310,0.6310,0.6310,0.6310,0.6340,0.6340,0.6350,0.6340,0.6340,0.6350,0.6070,0.6090,0.6580,0.6580,0.6580,0.6580,0.6580,0.6570,0.6590,0.6590,0.6590,0.6470,0.6470,0.6470,0.3970,0.3780
143,143,,KM233110,KM233110v1.KM233110v1,G3848_2014,Ebola 2014,58,1.0000,1.0000,1.0000,1.0000,1.0000,0.9740,0.9700,0.9700,0.9700,0.9660,0.9680,0.9710,0.9680,0.6350,0.6350,0.6350,0.6350,0.6350,0.6350,0.6350,0.6350,0.6330,0.6330,0.6330,0.6300,0.6280,0.6330,0.6330,0.6340,0.6340,0.6340,0.6310,0.6310,0.6310,0.6310,0.6310,0.6310,0.6310,0.6340,0.6340,0.6350,0.6340,0.6340,0.6350,0.6070,0.6090,0.6580,0.6580,0.6580,0.6580,0.6580,0.6570,0.6590,0.6590,0.6590,0.6470,0.6470,0.6470,0.3970,0.3780
144,144,,KM233111,KM233111v1.KM233111v1,G3850_2014,Ebola 2014,58,1.0000,1.0000,1.0000,1.0000,1.0000,0.9820,0.9700,0.9700,0.9700,0.9660,0.9680,0.9710,0.9680,0.6340,0.6340,0.6340,0.6340,0.6340,0.6340,0.6340,0.6340,0.6320,0.6320,0.6320,0.6290,0.6270,0.6320,0.6320,0.6330,0.6320,0.6330,0.6310,0.6310,0.6300,0.6300,0.6300,0.6300,0.6300,0.6330,0.6330,0.6340,0.6340,0.6340,0.6350,0.6110,0.6110,0.6580,0.6580,0.6580,0.6570,0.6580,0.6570,0.6590,0.6590,0.6590,0.6460,0.6460,0.6460,0.4020,0.3820
145,145,,KM233112,KM233112v1.KM233112v1,G3851_2014,Ebola 2014,58,1.0000,1.0000,1.0000,1.0000,1.0000,0.9750,0.9700,0.9700,0.9700,0.9660,0.9680,0.9710,0.9680,0.6350,0.6350,0.6350,0.6350,0.6350,0.6350,0.6350,0.6350,0.6330,0.6330,0.6330,0.6300,0.6280,0.6330,0.6330,0.6330,0.6330,0.6340,0.6310,0.6310,0.6310,0.6310,0.6310,0.6310,0.6310,0.6340,0.6340,0.6340,0.6340,0.6340,0.6350,0.6080,0.6080,0.6580,0.6580,0.6580,0.6580,0.6580,0.6570,0.6590,0.6590,0.6590,0.6470,0.6470,0.6470,0.3980,0.3780
146,146,,KM233113,KM233113v1.KM233113v1,G3856v1_2014,Ebola 2014,58,1.0000,1.0000,1.0000,1.0000,1.0000,0.9740,0.9700,0.9700,0.9700,0.9660,0.9680,0.9710,0.9680,0.6350,0.6350,0.6350,0.6350,0.6350,0.6350,0.6350,0.6350,0.6330,0.6330,0.6330,0.6300,0.6280,0.6330,0.6330,0.6340,0.6340,0.6340,0.6310,0.6310,0.6310,0.6310,0.6310,0.6310,0.6310,0.6340,0.6340,0.6350,0.6340,0.6340,0.6350,0.6070,0.6090,0.6580,0.6580,0.6580,0.6580,0.6580,0.6570,0.6590,0.6590,0.6590,0.6470,0.6470,0.6470,0.3970,0.3780
147,147,,KM233114,KM233114v1.KM233114v1,G3856v3_2014,Ebola 2014,58,1.0000,1.0000,1.0000,1.0000,1.0000,0.9750,0.9700,0.9700,0.9700,0.9660,0.9680,0.9710,0.9680,0.6350,0.6350,0.6350,0.6350,0.6350,0.6350,0.6350,0.6350,0.6330,0.6330,0.6330,0.6300,0.6280,0.6330,0.6330,0.6330,0.6330,0.6340,0.6310,0.6310,0.6310,0.6310,0.6310,0.6310,0.6310,0.6340,0.6340,0.6340,0.6340,0.6340,0.6350,0.6080,0.6080,0.6580,0.6580,0.6580,0.6570,0.6580,0.6570,0.6590,0.6590,0.6590,0.6470,0.6470,0.6470,0.3980,0.3780
148,148,,KM233115,KM233115v1.KM233115v1,G3857_2014,Ebola 2014,58,1.0000,1.0000,1.0000,1.0000,1.0000,0.9790,0.9700,0.9700,0.9700,0.9660,0.9680,0.9710,0.9680,0.6340,0.6340,0.6340,0.6340,0.6340,0.6340,0.6340,0.6340,0.6320,0.6320,0.6320,0.6290,0.6270,0.6320,0.6320,0.6320,0.6320,0.6330,0.6310,0.6310,0.6300,0.6300,0.6300,0.6300,0.6300,0.6340,0.6340,0.6340,0.6340,0.6340,0.6350,0.6110,0.6100,0.6580,0.6580,0.6570,0.6570,0.6580,0.6560,0.6590,0.6590,0.6590,0.6470,0.6470,0.6470,0.4000,0.3800
149,149,,KM233116,KM233116v1.KM233116v1,NM042v1_2014,Ebola 2014,58,1.0000,1.0000,1.0000,1.0000,1.0000,0.9750,0.9700,0.9700,0.9700,0.9660,0.9680,0.9710,0.9680,0.6350,0.6350,0.6350,0.6350,0.6350,0.6350,0.6350,0.6350,0.6330,0.6330,0.6330,0.6300,0.6280,0.6330,0.6330,0.6330,0.6330,0.6340,0.6310,0.6310,0.6310,0.6310,0.6310,0.6310,0.6310,0.6340,0.6340,0.6340,0.6340,0.6340,0.6350,0.6080,0.6080,0.6580,0.6580,0.6580,0.6570,0.6580,0.6570,0.6590,0.6590,0.6590,0.6470,0.6470,0.6470,0.3980,0.3780
150,150,,KM233117,KM233117v1.KM233117v1,NM042v2_2014,Ebola 2014,58,1.0000,1.0000,1.0000,1.0000,1.0000,0.9840,0.9700,0.9700,0.9700,0.9660,0.9680,0.9710,0.9680,0.6340,0.6340,0.6350,0.6350,0.6350,0.6350,0.6350,0.6350,0.6330,0.6330,0.6320,0.6300,0.6270,0.6320,0.6320,0.6330,0.6330,0.6330,0.6300,0.6300,0.6300,0.6300,0.6300,0.6300,0.6300,0.6330,0.6330,0.6340,0.6340,0.6340,0.6350,0.6120,0.6120,0.6580,0.6580,0.6580,0.6580,0.6590,0.6570,0.6590,0.6590,0.6590,0.6470,0.6470,0.6470,0.4030,0.3830
151,151,,KM233118,KM233118v1.KM233118v1,NM042v3_2014,Ebola 2014,58,1.0000,1.0000,1.0000,1.0000,1.0000,0.9860,0.9700,0.9700,0.9700,0.9660,0.9690,0.9710,0.9680,0.6350,0.6350,0.6350,0.6350,0.6350,0.6350,0.6350,0.6350,0.6330,0.6330,0.6330,0.6300,0.6280,0.6330,0.6330,0.6330,0.6330,0.6330,0.6310,0.6310,0.6300,0.6300,0.6300,0.6300,0.6300,0.6340,0.6340,0.6340,0.6340,0.6340,0.6350,0.6150,0.6150,0.6590,0.6590,0.6590,0.6590,0.6600,0.6580,0.6600,0.6600,0.6600,0.6470,0.6470,0.6470,0.4020,0.3830
152,152,,NC_001608,NC_001608v3.NC_001608v3,Marburg_MtElgon_Musoke_Kenya_1980,Marburg 1987,2,0.3940,0.3940,0.3940,0.3940,0.3940,0.3910,0.3920,0.3920,0.3920,0.3910,0.3910,0.3920,0.3920,0.3480,0.3480,0.3480,0.3480,0.3480,0.3480,0.3480,0.3480,0.3470,0.3470,0.3470,0.3470,0.3470,0.3460,0.3460,0.3470,0.3460,0.3480,0.3460,0.3460,0.3450,0.3450,0.3450,0.3450,0.3460,0.3480,0.3480,0.3470,0.3480,0.3480,0.3470,0.3360,0.3340,0.3540,0.3540,0.3550,0.3550,0.3540,0.3540,0.3530,0.3530,0.3530,0.3540,0.3540,0.3540,1.0000,0.4480
153,153,,NC_002549,NC_002549v1.NC_002549v1,NC_002549v1_1976,Zaire(DRC) 1976-7,55,0.9700,0.9700,0.9700,0.9700,0.9700,0.9460,1.0000,1.0000,1.0000,0.9860,0.9870,0.9810,0.9780,0.6310,0.6310,0.6310,0.6310,0.6310,0.6310,0.6310,0.6310,0.6290,0.6290,0.6290,0.6270,0.6240,0.6280,0.6280,0.6290,0.6290,0.6330,0.6310,0.6310,0.6300,0.6300,0.6300,0.6300,0.6300,0.6330,0.6330,0.6340,0.6330,0.6330,0.6340,0.6060,0.6070,0.6560,0.6560,0.6560,0.6550,0.6560,0.6540,0.6570,0.6570,0.6570,0.6450,0.6450,0.6450,0.3950,0.3770
154,154,,NC_004161,NC_004161v1.NC_004161v1,Pennsylvania_1990,Reston 1989-90,33,0.6330,0.6330,0.6330,0.6330,0.6330,0.6180,0.6330,0.6330,0.6330,0.6310,0.6310,0.6320,0.6310,0.5720,0.5720,0.5720,0.5720,0.5720,0.5720,0.5720,0.5720,0.5720,0.5720,0.5720,0.5700,0.5710,0.5740,0.5740,0.5740,0.5750,0.9500,0.9530,0.9530,0.9770,0.9770,0.9770,1.0000,0.9480,0.9150,0.9150,0.9160,0.9080,0.9080,0.9040,0.8590,0.8560,0.5750,0.5750,0.5750,0.5750,0.5750,0.5740,0.5740,0.5740,0.5740,0.5660,0.5660,0.5660,0.3490,0.3390
155,155,,NC_006432,NC_006432v1.NC_006432v1,Gulu_2000,Sudan 1976-9,45,0.6360,0.6360,0.6360,0.6360,0.6360,0.6200,0.6320,0.6320,0.6320,0.6310,0.6310,0.6320,0.6310,0.9580,0.9580,0.9580,0.9580,0.9580,0.9580,0.9580,0.9580,0.9850,0.9850,1.0000,0.9640,0.9390,0.8600,0.8600,0.8600,0.8750,0.5750,0.5730,0.5730,0.5720,0.5720,0.5720,0.5720,0.5710,0.5720,0.5720,0.5720,0.5740,0.5740,0.5750,0.5540,0.5570,0.5710,0.5710,0.5710,0.5710,0.5710,0.5710,0.5740,0.5740,0.5730,0.5610,0.5610,0.5610,0.3510,0.3420
156,156,,NC_014372,NC_014372v1.NC_014372v1,Cote_dIvoire_1994,Bundibugyo 2007,10,0.6480,0.6480,0.6480,0.6480,0.6480,0.6320,0.6460,0.6460,0.6460,0.6450,0.6460,0.6460,0.6460,0.5600,0.5600,0.5600,0.5600,0.5600,0.5600,0.5600,0.5600,0.5590,0.5590,0.5590,0.5580,0.5590,0.5630,0.5630,0.5640,0.5630,0.5660,0.5640,0.5640,0.5650,0.5650,0.5650,0.5650,0.5630,0.5650,0.5650,0.5650,0.5630,0.5630,0.5640,0.5470,0.5460,0.6370,0.6370,0.6370,0.6370,0.6380,0.6370,0.6380,0.6380,0.6380,0.9500,0.9500,1.0000,0.3570,0.3440
157,157,,NC_014373,NC_014373v1.NC_014373v1,Bundibugyo_2007,Bundibugyo 2007,14,0.6600,0.6600,0.6600,0.6600,0.6600,0.6440,0.6570,0.6570,0.6570,0.6560,0.6570,0.6580,0.6560,0.5720,0.5720,0.5720,0.5720,0.5720,0.5720,0.5720,0.5720,0.5720,0.5720,0.5710,0.5690,0.5700,0.5720,0.5720,0.5720,0.5710,0.5750,0.5730,0.5730,0.5720,0.5720,0.5720,0.5720,0.5730,0.5740,0.5740,0.5740,0.5730,0.5730,0.5740,0.5540,0.5570,0.9150,0.9150,0.9150,0.9150,0.9190,0.9270,0.9820,0.9820,1.0000,0.6380,0.6380,0.6380,0.3570,0.3460
158,158,,NC_024781,NC_024781v1.NC_024781v1,Marburg_KitumCave_Kenya_1987,Marburg 1987,3,0.3740,0.3740,0.3740,0.3740,0.3740,0.3730,0.3740,0.3740,0.3740,0.3720,0.3730,0.3740,0.3740,0.3380,0.3380,0.3380,0.3380,0.3380,0.3380,0.3380,0.3380,0.3380,0.3380,0.3380,0.3380,0.3370,0.3380,0.3380,0.3380,0.3380,0.3380,0.3360,0.3360,0.3350,0.3350,0.3350,0.3350,0.3350,0.3380,0.3380,0.3380,0.3380,0.3380,0.3380,0.3250,0.3240,0.3420,0.3420,0.3420,0.3420,0.3420,0.3420,0.3430,0.3430,0.3430,0.3410,0.3410,0.3410,0.4480,1.0000
159,159,,KM034562,eboVir3.KM034562v1,G3686v1_2014,Ebola 2014,58,1.0000,1.0000,1.0000,1.0000,1.0000,0.9740,0.9710,0.9710,0.9710,0.9660,0.9680,0.9720,0.9680,0.6350,0.6350,0.6350,0.6350,0.6350,0.6350,0.6350,0.6350,0.6330,0.6330,0.6330,0.6300,0.6280,0.6330,0.6330,0.6340,0.6340,0.6340,0.6320,0.6320,0.6310,0.6310,0.6310,0.6310,0.6310,0.6340,0.6340,0.6350,0.6340,0.6340,0.6360,0.6070,0.6090,0.6580,0.6580,0.6580,0.6580,0.6580,0.6570,0.6590,0.6590,0.6590,0.6470,0.6470,0.6470,0.3970,0.3780
